year,state,beer_per_capita,wine_per_capita,spirit_per_capita,office
1977,Alabama,0.97,0.12000000000000001,0.8200000000000001,democrat
1978,Alabama,0.9500000000000001,0.12000000000000001,0.8500000000000001,democrat
1979,Alabama,0.96,0.12000000000000001,0.8200000000000001,democrat
1980,Alabama,0.9500000000000001,0.16,0.74,republican
1981,Alabama,1,0.19,0.73,republican
1982,Alabama,1,0.18,0.72,republican
1983,Alabama,1.01,0.17,0.72,republican
1984,Alabama,1.03,0.19,0.69,republican
1985,Alabama,1.07,0.17,0.6699999999999999,republican
1986,Alabama,1.1,0.18,0.65,republican
1987,Alabama,1.11,0.18,0.62,republican
1988,Alabama,1.12,0.19,0.62,republican
1989,Alabama,1.12,0.17,0.61,republican
1990,Alabama,1.12,0.18,0.61,republican
1991,Alabama,1,0.17,0.59,republican
1992,Alabama,1.02,0.19,0.59,republican
1993,Alabama,1.1400000000000001,0.17,0.56,republican
1994,Alabama,1.1600000000000001,0.17,0.54,republican
1995,Alabama,1.1400000000000001,0.16,0.53,republican
1996,Alabama,1.1700000000000002,0.18,0.53,republican
1997,Alabama,1.1400000000000001,0.16,0.52,republican
1998,Alabama,1.1600000000000001,0.17,0.51,republican
1999,Alabama,1.1800000000000002,0.17,0.51,republican
2000,Alabama,1.1900000000000002,0.18,0.51,republican
2001,Alabama,1.1600000000000001,0.17,0.53,republican
2002,Alabama,1.1800000000000002,0.21000000000000002,0.54,republican
2003,Alabama,1.1900000000000002,0.19,0.52,republican
2004,Alabama,1.1900000000000002,0.2,0.52,republican
2005,Alabama,1.1800000000000002,0.2,0.53,republican
2006,Alabama,1.21,0.21000000000000002,0.54,republican
2007,Alabama,1.23,0.22,0.55,republican
2008,Alabama,1.22,0.22,0.5700000000000001,republican
2009,Alabama,1.1900000000000002,0.22,0.5700000000000001,republican
2010,Alabama,1.1700000000000002,0.23,0.58,republican
2011,Alabama,1.1600000000000001,0.24000000000000002,0.59,republican
2012,Alabama,1.1600000000000001,0.24000000000000002,0.6,republican
2013,Alabama,1.1400000000000001,0.25,0.6,republican
2014,Alabama,1.1300000000000001,0.25,0.62,republican
2015,Alabama,1.11,0.26,0.64,republican
1977,Alaska,1.1900000000000002,0.42000000000000004,1.6900000000000002,republican
1978,Alaska,1.3900000000000001,0.45,1.6700000000000002,republican
1979,Alaska,1.48,0.46,1.6300000000000001,republican
1980,Alaska,1.54,0.5,1.6800000000000002,republican
1981,Alaska,1.6800000000000002,0.56,1.79,republican
1982,Alaska,1.6900000000000002,0.54,1.6800000000000002,republican
1983,Alaska,1.71,0.59,1.6500000000000001,republican
1984,Alaska,1.6700000000000002,0.56,1.5,republican
1985,Alaska,1.6300000000000001,0.56,1.48,republican
1986,Alaska,1.6500000000000001,0.55,1.25,republican
1987,Alaska,1.6,0.52,1.26,republican
1988,Alaska,1.54,0.47000000000000003,1.1900000000000002,republican
1989,Alaska,1.52,0.44,1.1900000000000002,republican
1990,Alaska,1.62,0.46,1.25,republican
1991,Alaska,1.54,0.43000000000000005,1.1400000000000001,republican
1992,Alaska,1.53,0.41000000000000003,1.08,republican
1993,Alaska,1.31,0.32,0.92,republican
1994,Alaska,1.53,0.4,1.1,republican
1995,Alaska,1.45,0.39,1.02,republican
1996,Alaska,1.31,0.38,0.9400000000000001,republican
1997,Alaska,1.31,0.36,0.88,republican
1998,Alaska,1.3900000000000001,0.37,0.9500000000000001,republican
1999,Alaska,1.4,0.38,0.9500000000000001,republican
2000,Alaska,1.37,0.37,0.9400000000000001,republican
2001,Alaska,1.32,0.38,0.96,republican
2002,Alaska,1.35,0.45,1.1900000000000002,republican
2003,Alaska,1.27,0.37,0.7899999999999999,republican
2004,Alaska,1.31,0.44,0.9500000000000001,republican
2005,Alaska,1.23,0.43000000000000005,0.98,republican
2006,Alaska,1.25,0.47000000000000003,1.03,republican
2007,Alaska,1.1300000000000001,0.44,0.96,republican
2008,Alaska,1.2,0.49,1.09,republican
2009,Alaska,1.32,0.54,1.1600000000000001,republican
2010,Alaska,1.23,0.55,1.25,republican
2011,Alaska,1.1500000000000001,0.54,1.1700000000000002,republican
2012,Alaska,1.1700000000000002,0.53,1.1300000000000001,republican
2013,Alaska,1.07,0.52,1.1700000000000002,republican
2014,Alaska,1.11,0.52,1.1700000000000002,republican
2015,Alaska,1.11,0.53,1.2,republican
1977,Arizona,1.6,0.32,0.99,republican
1978,Arizona,1.6600000000000001,0.35,1.03,republican
1979,Arizona,1.71,0.36,1.07,republican
1980,Arizona,1.6800000000000002,0.36,0.97,republican
1981,Arizona,1.76,0.42000000000000004,1,republican
1982,Arizona,1.71,0.39,0.98,republican
1983,Arizona,1.6,0.43000000000000005,0.99,republican
1984,Arizona,1.55,0.44,1.05,republican
1985,Arizona,1.6600000000000001,0.45,0.99,republican
1986,Arizona,1.74,0.45,0.9,republican
1987,Arizona,1.6400000000000001,0.45,0.8400000000000001,republican
1988,Arizona,1.6,0.41000000000000003,0.8600000000000001,republican
1989,Arizona,1.6300000000000001,0.35,0.8300000000000001,republican
1990,Arizona,1.59,0.37,0.8,republican
1991,Arizona,1.58,0.35,0.7799999999999999,republican
1992,Arizona,1.58,0.31,0.8,republican
1993,Arizona,1.58,0.27,0.76,republican
1994,Arizona,1.52,0.29000000000000004,0.7,republican
1995,Arizona,1.47,0.29000000000000004,0.6799999999999999,republican
1996,Arizona,1.52,0.32999999999999996,0.73,democrat
1997,Arizona,1.45,0.31,0.6799999999999999,democrat
1998,Arizona,1.44,0.32999999999999996,0.6799999999999999,democrat
1999,Arizona,1.47,0.33999999999999997,0.69,democrat
2000,Arizona,1.48,0.31,0.71,republican
2001,Arizona,1.47,0.32999999999999996,0.7,republican
2002,Arizona,1.46,0.32999999999999996,0.69,republican
2003,Arizona,1.41,0.37,0.71,republican
2004,Arizona,1.4,0.33999999999999997,0.71,republican
2005,Arizona,1.35,0.4,0.76,republican
2006,Arizona,1.34,0.38,0.7899999999999999,republican
2007,Arizona,1.3900000000000001,0.33999999999999997,0.7799999999999999,republican
2008,Arizona,1.3,0.41000000000000003,0.77,republican
2009,Arizona,1.22,0.39,0.77,republican
2010,Arizona,1.23,0.41000000000000003,0.76,republican
2011,Arizona,1.1500000000000001,0.44,0.8,republican
2012,Arizona,1.1400000000000001,0.45,0.8400000000000001,republican
2013,Arizona,1.12,0.42000000000000004,0.81,republican
2014,Arizona,1.1800000000000002,0.4,0.7899999999999999,republican
2015,Arizona,1.1600000000000001,0.4,0.7799999999999999,republican
1977,Arkansas,0.89,0.1,0.61,democrat
1978,Arkansas,0.9500000000000001,0.11,0.71,democrat
1979,Arkansas,0.9,0.09,0.55,democrat
1980,Arkansas,1,0.12000000000000001,0.6799999999999999,republican
1981,Arkansas,1.06,0.12000000000000001,0.6799999999999999,republican
1982,Arkansas,1.03,0.12000000000000001,0.63,republican
1983,Arkansas,1.03,0.13,0.63,republican
1984,Arkansas,1.03,0.12000000000000001,0.64,republican
1985,Arkansas,1.04,0.13,0.59,republican
1986,Arkansas,1.08,0.09,0.49,republican
1987,Arkansas,1.09,0.11,0.53,republican
1988,Arkansas,1.09,0.14,0.54,republican
1989,Arkansas,1.1,0.13,0.58,republican
1990,Arkansas,1.12,0.13,0.61,republican
1991,Arkansas,1.12,0.11,0.58,republican
1992,Arkansas,1.1300000000000001,0.12000000000000001,0.65,democrat
1993,Arkansas,1.1,0.11,0.58,democrat
1994,Arkansas,1.06,0.13,0.46,democrat
1995,Arkansas,1.06,0.11,0.51,democrat
1996,Arkansas,1.07,0.12000000000000001,0.53,democrat
1997,Arkansas,1.07,0.12000000000000001,0.52,democrat
1998,Arkansas,1.1,0.11,0.51,democrat
1999,Arkansas,1.09,0.12000000000000001,0.54,democrat
2000,Arkansas,1.09,0.12000000000000001,0.53,republican
2001,Arkansas,1.08,0.13,0.53,republican
2002,Arkansas,1.09,0.14,0.53,republican
2003,Arkansas,1.06,0.14,0.56,republican
2004,Arkansas,1.08,0.15000000000000002,0.58,republican
2005,Arkansas,1.04,0.16,0.58,republican
2006,Arkansas,1.05,0.16,0.59,republican
2007,Arkansas,1.05,0.17,0.59,republican
2008,Arkansas,1.09,0.17,0.59,republican
2009,Arkansas,1.06,0.17,0.59,republican
2010,Arkansas,1.04,0.17,0.59,republican
2011,Arkansas,0.97,0.18,0.56,republican
2012,Arkansas,1,0.2,0.6,republican
2013,Arkansas,1,0.2,0.6,republican
2014,Arkansas,0.96,0.21000000000000002,0.62,republican
2015,Arkansas,0.97,0.22,0.65,republican
1977,California,1.29,0.65,1.25,republican
1978,California,1.33,0.6699999999999999,1.29,republican
1979,California,1.3900000000000001,0.6799999999999999,1.25,republican
1980,California,1.41,0.71,1.24,republican
1981,California,1.43,0.72,1.2,republican
1982,California,1.37,0.72,1.1300000000000001,republican
1983,California,1.36,0.74,1.1,republican
1984,California,1.37,0.73,1.06,republican
1985,California,1.32,0.7799999999999999,1.02,republican
1986,California,1.35,0.7799999999999999,0.9500000000000001,republican
1987,California,1.35,0.73,0.92,republican
1988,California,1.32,0.6699999999999999,0.88,republican
1989,California,1.29,0.6,0.8500000000000001,republican
1990,California,1.32,0.59,0.8700000000000001,republican
1991,California,1.22,0.49,0.75,republican
1992,California,1.28,0.51,0.75,democrat
1993,California,1.1700000000000002,0.48000000000000004,0.69,democrat
1994,California,1.09,0.47000000000000003,0.6799999999999999,democrat
1995,California,1.1500000000000001,0.46,0.63,democrat
1996,California,1.1300000000000001,0.5,0.64,democrat
1997,California,1.1400000000000001,0.52,0.62,democrat
1998,California,1.11,0.49,0.61,democrat
1999,California,1.12,0.48000000000000004,0.62,democrat
2000,California,1.12,0.48000000000000004,0.64,democrat
2001,California,1.09,0.48000000000000004,0.63,democrat
2002,California,1.08,0.49,0.64,democrat
2003,California,1.07,0.51,0.65,democrat
2004,California,1.07,0.52,0.6699999999999999,democrat
2005,California,1.03,0.54,0.69,democrat
2006,California,1.02,0.56,0.7,democrat
2007,California,1.06,0.54,0.7,democrat
2008,California,1.05,0.55,0.7,democrat
2009,California,1.01,0.5700000000000001,0.7,democrat
2010,California,0.97,0.49,0.71,democrat
2011,California,0.9500000000000001,0.58,0.72,democrat
2012,California,0.99,0.63,0.74,democrat
2013,California,0.98,0.6,0.75,democrat
2014,California,1,0.6,0.73,democrat
2015,California,1,0.53,0.75,democrat
1977,Colorado,1.4,0.36,1.1900000000000002,republican
1978,Colorado,1.6,0.46,1.3900000000000001,republican
1979,Colorado,1.6300000000000001,0.46,1.33,republican
1980,Colorado,1.56,0.46,1.31,republican
1981,Colorado,1.62,0.44,1.26,republican
1982,Colorado,1.6300000000000001,0.46,1.1700000000000002,republican
1983,Colorado,1.57,0.46,1.12,republican
1984,Colorado,1.51,0.46,1.12,republican
1985,Colorado,1.48,0.5,1.1800000000000002,republican
1986,Colorado,1.49,0.47000000000000003,0.9500000000000001,republican
1987,Colorado,1.45,0.45,0.9400000000000001,republican
1988,Colorado,1.44,0.4,0.92,republican
1989,Colorado,1.42,0.38,0.8500000000000001,republican
1990,Colorado,1.35,0.29000000000000004,0.75,republican
1991,Colorado,1.3900000000000001,0.35,0.8700000000000001,republican
1992,Colorado,1.34,0.36,0.81,democrat
1993,Colorado,1.4,0.36,0.8600000000000001,democrat
1994,Colorado,1.36,0.35,0.8400000000000001,democrat
1995,Colorado,1.34,0.35,0.7799999999999999,democrat
1996,Colorado,1.36,0.37,0.8400000000000001,republican
1997,Colorado,1.3,0.37,0.81,republican
1998,Colorado,1.33,0.37,0.8300000000000001,republican
1999,Colorado,1.33,0.37,0.75,republican
2000,Colorado,1.35,0.37,0.89,republican
2001,Colorado,1.42,0.41000000000000003,0.96,republican
2002,Colorado,1.35,0.39,0.9,republican
2003,Colorado,1.33,0.4,0.8700000000000001,republican
2004,Colorado,1.3,0.43000000000000005,0.9500000000000001,republican
2005,Colorado,1.31,0.42000000000000004,0.99,republican
2006,Colorado,1.29,0.45,0.98,republican
2007,Colorado,1.3,0.47000000000000003,1.01,republican
2008,Colorado,1.28,0.47000000000000003,1.02,democrat
2009,Colorado,1.23,0.46,1.01,democrat
2010,Colorado,1.22,0.48000000000000004,1.01,democrat
2011,Colorado,1.2,0.49,1.04,democrat
2012,Colorado,1.1500000000000001,0.52,1.08,democrat
2013,Colorado,1.2,0.5,1.11,democrat
2014,Colorado,1.1400000000000001,0.51,1.11,democrat
2015,Colorado,1.12,0.51,1.1400000000000001,democrat
1977,Connecticut,1.06,0.35,1.23,republican
1978,Connecticut,1.09,0.38,1.21,republican
1979,Connecticut,1.1400000000000001,0.4,1.21,republican
1980,Connecticut,1.06,0.43000000000000005,1.2,republican
1981,Connecticut,1.05,0.44,1.1800000000000002,republican
1982,Connecticut,1.04,0.49,1.21,republican
1983,Connecticut,1.1,0.49,1.22,republican
1984,Connecticut,1.1,0.49,1.1900000000000002,republican
1985,Connecticut,1.12,0.5,1.1900000000000002,republican
1986,Connecticut,1.11,0.51,1.1400000000000001,republican
1987,Connecticut,1.1400000000000001,0.51,1.1,republican
1988,Connecticut,1.12,0.5,1.05,republican
1989,Connecticut,1.07,0.46,0.96,republican
1990,Connecticut,1.09,0.45,0.92,republican
1991,Connecticut,1.03,0.43000000000000005,0.8400000000000001,republican
1992,Connecticut,1.01,0.45,0.8300000000000001,democrat
1993,Connecticut,0.96,0.44,0.8,democrat
1994,Connecticut,0.99,0.43000000000000005,0.7799999999999999,democrat
1995,Connecticut,0.96,0.46,0.7799999999999999,democrat
1996,Connecticut,0.91,0.46,0.72,democrat
1997,Connecticut,0.9500000000000001,0.48000000000000004,0.74,democrat
1998,Connecticut,0.96,0.49,0.76,democrat
1999,Connecticut,0.9400000000000001,0.49,0.75,democrat
2000,Connecticut,0.9400000000000001,0.49,0.74,democrat
2001,Connecticut,0.9500000000000001,0.5,0.74,democrat
2002,Connecticut,0.9500000000000001,0.5,0.75,democrat
2003,Connecticut,0.93,0.52,0.7799999999999999,democrat
2004,Connecticut,0.93,0.53,0.7899999999999999,democrat
2005,Connecticut,0.9,0.54,0.7899999999999999,democrat
2006,Connecticut,0.93,0.56,0.81,democrat
2007,Connecticut,0.92,0.5700000000000001,0.8400000000000001,democrat
2008,Connecticut,0.93,0.58,0.8500000000000001,democrat
2009,Connecticut,0.88,0.59,0.8500000000000001,democrat
2010,Connecticut,0.88,0.6,0.8700000000000001,democrat
2011,Connecticut,0.8600000000000001,0.62,0.88,democrat
2012,Connecticut,0.8600000000000001,0.61,0.91,democrat
2013,Connecticut,0.8500000000000001,0.61,0.91,democrat
2014,Connecticut,0.8400000000000001,0.6,0.92,democrat
2015,Connecticut,0.8500000000000001,0.61,0.9500000000000001,democrat
1977,Delaware,1.3,0.23,1.33,democrat
1978,Delaware,1.31,0.24000000000000002,1.3,democrat
1979,Delaware,1.35,0.26,1.31,democrat
1980,Delaware,1.44,0.29000000000000004,1.37,republican
1981,Delaware,1.52,0.32999999999999996,1.4,republican
1982,Delaware,1.54,0.33999999999999997,1.3800000000000001,republican
1983,Delaware,1.55,0.35,1.35,republican
1984,Delaware,1.52,0.39,1.29,republican
1985,Delaware,1.48,0.41000000000000003,1.31,republican
1986,Delaware,1.46,0.45,1.25,republican
1987,Delaware,1.46,0.43000000000000005,1.23,republican
1988,Delaware,1.46,0.41000000000000003,1.21,republican
1989,Delaware,1.43,0.39,1.1500000000000001,republican
1990,Delaware,1.44,0.37,1.1400000000000001,republican
1991,Delaware,1.4,0.35,0.9500000000000001,republican
1992,Delaware,1.4,0.36,0.97,democrat
1993,Delaware,1.46,0.35,0.9500000000000001,democrat
1994,Delaware,1.43,0.38,0.9500000000000001,democrat
1995,Delaware,1.3,0.4,0.92,democrat
1996,Delaware,1.3900000000000001,0.45,0.9400000000000001,democrat
1997,Delaware,1.37,0.46,0.99,democrat
1998,Delaware,1.41,0.47000000000000003,1.03,democrat
1999,Delaware,1.4,0.48000000000000004,1.03,democrat
2000,Delaware,1.36,0.48000000000000004,1.05,democrat
2001,Delaware,1.3900000000000001,0.49,1.07,democrat
2002,Delaware,1.3900000000000001,0.52,1.1,democrat
2003,Delaware,1.3800000000000001,0.5700000000000001,1.1800000000000002,democrat
2004,Delaware,1.42,0.5700000000000001,1.28,democrat
2005,Delaware,1.42,0.58,1.24,democrat
2006,Delaware,1.41,0.59,1.26,democrat
2007,Delaware,1.3800000000000001,0.59,1.23,democrat
2008,Delaware,1.35,0.5700000000000001,1.23,democrat
2009,Delaware,1.32,0.65,1.34,democrat
2010,Delaware,1.36,0.6599999999999999,1.36,democrat
2011,Delaware,1.34,0.69,1.52,democrat
2012,Delaware,1.32,0.7,1.58,democrat
2013,Delaware,1.25,0.72,1.6300000000000001,democrat
2014,Delaware,1.21,0.72,1.6700000000000002,democrat
2015,Delaware,1.1900000000000002,0.72,1.75,democrat
1977,Florida,1.27,0.31,1.4,democrat
1978,Florida,1.34,0.32,1.4,democrat
1979,Florida,1.3800000000000001,0.33999999999999997,1.41,democrat
1980,Florida,1.4,0.37,1.41,republican
1981,Florida,1.54,0.39,1.37,republican
1982,Florida,1.54,0.4,1.32,republican
1983,Florida,1.55,0.39,1.22,republican
1984,Florida,1.46,0.4,1.23,republican
1985,Florida,1.47,0.41000000000000003,1.1600000000000001,republican
1986,Florida,1.5,0.41000000000000003,1.05,republican
1987,Florida,1.5,0.42000000000000004,1.03,republican
1988,Florida,1.5,0.41000000000000003,1,republican
1989,Florida,1.51,0.39,1,republican
1990,Florida,1.54,0.39,1.04,republican
1991,Florida,1.43,0.33999999999999997,0.92,republican
1992,Florida,1.45,0.33999999999999997,0.96,republican
1993,Florida,1.44,0.32999999999999996,0.92,republican
1994,Florida,1.4,0.32999999999999996,0.8700000000000001,republican
1995,Florida,1.34,0.35,0.8200000000000001,republican
1996,Florida,1.36,0.37,0.81,democrat
1997,Florida,1.36,0.37,0.8,democrat
1998,Florida,1.33,0.38,0.7899999999999999,democrat
1999,Florida,1.33,0.4,0.8,democrat
2000,Florida,1.32,0.41000000000000003,0.8300000000000001,republican
2001,Florida,1.32,0.4,0.8200000000000001,republican
2002,Florida,1.32,0.43000000000000005,0.8400000000000001,republican
2003,Florida,1.31,0.44,0.8600000000000001,republican
2004,Florida,1.34,0.46,0.88,republican
2005,Florida,1.33,0.46,0.91,republican
2006,Florida,1.32,0.47000000000000003,0.91,republican
2007,Florida,1.28,0.48000000000000004,0.92,republican
2008,Florida,1.24,0.48000000000000004,0.89,democrat
2009,Florida,1.1900000000000002,0.48000000000000004,0.91,democrat
2010,Florida,1.12,0.47000000000000003,0.91,democrat
2011,Florida,1.1300000000000001,0.49,0.93,democrat
2012,Florida,1.26,0.51,0.9500000000000001,democrat
2013,Florida,1.28,0.49,0.9500000000000001,democrat
2014,Florida,1.1,0.51,0.98,democrat
2015,Florida,1.11,0.51,0.98,democrat
1977,Georgia,1.03,0.15000000000000002,1.1900000000000002,democrat
1978,Georgia,1.09,0.18,1.21,democrat
1979,Georgia,1.11,0.18,1.1600000000000001,democrat
1980,Georgia,1.06,0.19,1.08,democrat
1981,Georgia,1.1,0.18,1.09,democrat
1982,Georgia,1.12,0.21000000000000002,1.04,democrat
1983,Georgia,1.1400000000000001,0.22,1.06,democrat
1984,Georgia,1.1800000000000002,0.24000000000000002,1.06,republican
1985,Georgia,1.1700000000000002,0.25,1.01,republican
1986,Georgia,1.21,0.27,0.9400000000000001,republican
1987,Georgia,1.21,0.27,1,republican
1988,Georgia,1.21,0.26,0.92,republican
1989,Georgia,1.1800000000000002,0.24000000000000002,0.9400000000000001,republican
1990,Georgia,1.22,0.23,0.8600000000000001,republican
1991,Georgia,1.1600000000000001,0.22,0.7799999999999999,republican
1992,Georgia,1.22,0.21000000000000002,0.7899999999999999,democrat
1993,Georgia,1.23,0.2,0.77,democrat
1994,Georgia,1.1700000000000002,0.21000000000000002,0.77,democrat
1995,Georgia,1.21,0.21000000000000002,0.7,democrat
1996,Georgia,1.24,0.24000000000000002,0.71,republican
1997,Georgia,1.2,0.23,0.7,republican
1998,Georgia,1.22,0.23,0.7,republican
1999,Georgia,1.23,0.25,0.7,republican
2000,Georgia,1.21,0.25,0.69,republican
2001,Georgia,1.2,0.25,0.65,republican
2002,Georgia,1.21,0.26,0.6599999999999999,republican
2003,Georgia,1.2,0.26,0.6599999999999999,republican
2004,Georgia,1.1900000000000002,0.27,0.65,republican
2005,Georgia,1.1700000000000002,0.26,0.64,republican
2006,Georgia,1.1900000000000002,0.26,0.65,republican
2007,Georgia,1.1900000000000002,0.26,0.65,republican
2008,Georgia,1.1600000000000001,0.25,0.65,republican
2009,Georgia,1.11,0.25,0.65,republican
2010,Georgia,1.08,0.25,0.65,republican
2011,Georgia,1.06,0.25,0.6699999999999999,republican
2012,Georgia,1.06,0.25,0.6799999999999999,republican
2013,Georgia,1.03,0.25,0.69,republican
2014,Georgia,1.02,0.25,0.69,republican
2015,Georgia,1.01,0.25,0.69,republican
1977,Hawaii,1.55,0.35,1.21,democrat
1978,Hawaii,1.33,0.44,1.25,democrat
1979,Hawaii,1.51,0.42000000000000004,1.21,democrat
1980,Hawaii,1.6400000000000001,0.46,1.2,democrat
1981,Hawaii,1.74,0.44,1.1600000000000001,democrat
1982,Hawaii,1.8,0.48000000000000004,1.1400000000000001,democrat
1983,Hawaii,1.8900000000000001,0.44,1.1300000000000001,democrat
1984,Hawaii,1.6600000000000001,0.41000000000000003,0.92,republican
1985,Hawaii,1.61,0.42000000000000004,0.88,republican
1986,Hawaii,1.61,0.44,0.8600000000000001,republican
1987,Hawaii,1.59,0.41000000000000003,0.77,republican
1988,Hawaii,1.6400000000000001,0.45,0.8,democrat
1989,Hawaii,1.56,0.43000000000000005,0.8,democrat
1990,Hawaii,1.6400000000000001,0.4,0.7899999999999999,democrat
1991,Hawaii,1.57,0.4,0.7,democrat
1992,Hawaii,1.55,0.39,0.69,democrat
1993,Hawaii,1.49,0.37,0.65,democrat
1994,Hawaii,1.46,0.38,0.62,democrat
1995,Hawaii,1.41,0.33999999999999997,0.5700000000000001,democrat
1996,Hawaii,1.4,0.36,0.58,democrat
1997,Hawaii,1.3800000000000001,0.4,0.56,democrat
1998,Hawaii,1.32,0.37,0.54,democrat
1999,Hawaii,1.31,0.39,0.56,democrat
2000,Hawaii,1.33,0.39,0.6,democrat
2001,Hawaii,1.3,0.38,0.6,democrat
2002,Hawaii,1.27,0.39,0.62,democrat
2003,Hawaii,1.3,0.42000000000000004,0.6599999999999999,democrat
2004,Hawaii,1.3800000000000001,0.43000000000000005,0.7,democrat
2005,Hawaii,1.3,0.45,0.72,democrat
2006,Hawaii,1.28,0.47000000000000003,0.77,democrat
2007,Hawaii,1.3,0.48000000000000004,0.77,democrat
2008,Hawaii,1.33,0.51,0.72,democrat
2009,Hawaii,1.27,0.51,0.71,democrat
2010,Hawaii,1.25,0.52,0.71,democrat
2011,Hawaii,1.25,0.53,0.73,democrat
2012,Hawaii,1.25,0.53,0.75,democrat
2013,Hawaii,1.25,0.54,0.76,democrat
2014,Hawaii,1.27,0.54,0.77,democrat
2015,Hawaii,1.28,0.56,0.77,democrat
1977,Idaho,1.47,0.22,0.7799999999999999,republican
1978,Idaho,1.46,0.25,0.7799999999999999,republican
1979,Idaho,1.51,0.27,0.8200000000000001,republican
1980,Idaho,1.53,0.3,0.77,republican
1981,Idaho,1.54,0.32999999999999996,0.8300000000000001,republican
1982,Idaho,1.45,0.3,0.81,republican
1983,Idaho,1.45,0.3,0.77,republican
1984,Idaho,1.41,0.31,0.72,republican
1985,Idaho,1.36,0.36,0.71,republican
1986,Idaho,1.36,0.39,0.62,republican
1987,Idaho,1.33,0.39,0.59,republican
1988,Idaho,1.28,0.37,0.59,republican
1989,Idaho,1.27,0.31,0.5700000000000001,republican
1990,Idaho,1.36,0.32999999999999996,0.58,republican
1991,Idaho,1.31,0.32,0.56,republican
1992,Idaho,1.32,0.31,0.5700000000000001,republican
1993,Idaho,1.26,0.29000000000000004,0.55,republican
1994,Idaho,1.24,0.35,0.53,republican
1995,Idaho,1.1800000000000002,0.3,0.54,republican
1996,Idaho,1.1300000000000001,0.3,0.52,republican
1997,Idaho,1.11,0.32,0.52,republican
1998,Idaho,1.1500000000000001,0.32999999999999996,0.51,republican
1999,Idaho,1.09,0.6799999999999999,0.52,republican
2000,Idaho,1.1300000000000001,0.65,0.52,republican
2001,Idaho,1.1400000000000001,0.63,0.53,republican
2002,Idaho,1.1600000000000001,0.64,0.53,republican
2003,Idaho,1.1500000000000001,0.65,0.55,republican
2004,Idaho,1.1400000000000001,0.72,0.5700000000000001,republican
2005,Idaho,1.11,0.74,0.61,republican
2006,Idaho,1.1400000000000001,0.74,0.65,republican
2007,Idaho,1.1700000000000002,0.73,0.6699999999999999,republican
2008,Idaho,1.1500000000000001,0.81,0.69,republican
2009,Idaho,1.05,0.91,0.7,republican
2010,Idaho,1.06,0.9,0.72,republican
2011,Idaho,1,0.92,0.73,republican
2012,Idaho,0.98,1.02,0.77,republican
2013,Idaho,0.96,1.08,0.77,republican
2014,Idaho,0.93,1.12,0.77,republican
2015,Idaho,0.9400000000000001,1.1400000000000001,0.7899999999999999,republican
1977,Illinois,1.32,0.3,1.2,republican
1978,Illinois,1.35,0.31,1.1700000000000002,republican
1979,Illinois,1.42,0.32,1.1500000000000001,republican
1980,Illinois,1.42,0.32999999999999996,1.23,republican
1981,Illinois,1.44,0.35,1.12,republican
1982,Illinois,1.42,0.35,1.07,republican
1983,Illinois,1.43,0.35,1.03,republican
1984,Illinois,1.41,0.37,1.02,republican
1985,Illinois,1.3900000000000001,0.38,0.99,republican
1986,Illinois,1.42,0.39,0.91,republican
1987,Illinois,1.43,0.39,0.88,republican
1988,Illinois,1.45,0.38,0.8700000000000001,republican
1989,Illinois,1.42,0.36,0.8500000000000001,republican
1990,Illinois,1.43,0.36,0.8200000000000001,republican
1991,Illinois,1.3800000000000001,0.33999999999999997,0.76,republican
1992,Illinois,1.34,0.35,0.74,democrat
1993,Illinois,1.32,0.33999999999999997,0.72,democrat
1994,Illinois,1.32,0.33999999999999997,0.69,democrat
1995,Illinois,1.3,0.32999999999999996,0.6599999999999999,democrat
1996,Illinois,1.27,0.35,0.6799999999999999,democrat
1997,Illinois,1.26,0.35,0.65,democrat
1998,Illinois,1.27,0.33999999999999997,0.64,democrat
1999,Illinois,1.29,0.32999999999999996,0.6599999999999999,democrat
2000,Illinois,1.28,0.32,0.63,democrat
2001,Illinois,1.27,0.32,0.6799999999999999,democrat
2002,Illinois,1.28,0.32999999999999996,0.65,democrat
2003,Illinois,1.26,0.35,0.74,democrat
2004,Illinois,1.24,0.32,0.6699999999999999,democrat
2005,Illinois,1.23,0.33999999999999997,0.71,democrat
2006,Illinois,1.24,0.37,0.74,democrat
2007,Illinois,1.24,0.41000000000000003,0.74,democrat
2008,Illinois,1.23,0.38,0.74,democrat
2009,Illinois,1.24,0.39,0.73,democrat
2010,Illinois,1.22,0.4,0.74,democrat
2011,Illinois,1.1900000000000002,0.41000000000000003,0.75,democrat
2012,Illinois,1.1500000000000001,0.43000000000000005,0.77,democrat
2013,Illinois,1.1300000000000001,0.42000000000000004,0.77,democrat
2014,Illinois,1.12,0.42000000000000004,0.7799999999999999,democrat
2015,Illinois,1.12,0.43000000000000005,0.8,democrat
1977,Indiana,1.1300000000000001,0.14,0.77,republican
1978,Indiana,1.1800000000000002,0.15000000000000002,0.7799999999999999,republican
1979,Indiana,1.21,0.15000000000000002,0.7799999999999999,republican
1980,Indiana,1.26,0.17,0.77,republican
1981,Indiana,1.29,0.18,0.7799999999999999,republican
1982,Indiana,1.29,0.19,0.76,republican
1983,Indiana,1.28,0.19,0.73,republican
1984,Indiana,1.27,0.21000000000000002,0.73,republican
1985,Indiana,1.26,0.22,0.73,republican
1986,Indiana,1.26,0.23,0.6699999999999999,republican
1987,Indiana,1.26,0.23,0.6699999999999999,republican
1988,Indiana,1.25,0.21000000000000002,0.6699999999999999,republican
1989,Indiana,1.23,0.2,0.64,republican
1990,Indiana,1.26,0.2,0.63,republican
1991,Indiana,1.22,0.19,0.6,republican
1992,Indiana,1.1600000000000001,0.2,0.58,republican
1993,Indiana,1.1500000000000001,0.19,0.64,republican
1994,Indiana,1.1500000000000001,0.2,0.59,republican
1995,Indiana,1.1400000000000001,0.2,0.58,republican
1996,Indiana,1.09,0.2,0.5700000000000001,republican
1997,Indiana,1.09,0.18,0.59,republican
1998,Indiana,1.1400000000000001,0.19,0.58,republican
1999,Indiana,1.1600000000000001,0.19,0.59,republican
2000,Indiana,1.1600000000000001,0.2,0.61,republican
2001,Indiana,1.1500000000000001,0.19,0.62,republican
2002,Indiana,1.1300000000000001,0.2,0.6,republican
2003,Indiana,1.11,0.21000000000000002,0.64,republican
2004,Indiana,1.1400000000000001,0.22,0.65,republican
2005,Indiana,1.11,0.22,0.6799999999999999,republican
2006,Indiana,1.09,0.25,0.6599999999999999,republican
2007,Indiana,1.1300000000000001,0.24000000000000002,0.72,republican
2008,Indiana,1.1,0.24000000000000002,0.73,democrat
2009,Indiana,1.08,0.25,0.72,democrat
2010,Indiana,1.03,0.26,0.74,democrat
2011,Indiana,1.02,0.27,0.73,democrat
2012,Indiana,1.02,0.28,0.7899999999999999,republican
2013,Indiana,1,0.28,0.81,republican
2014,Indiana,0.98,0.27,0.8,republican
2015,Indiana,0.98,0.28,0.88,republican
1977,Iowa,1.33,0.1,0.74,republican
1978,Iowa,1.3800000000000001,0.11,0.74,republican
1979,Iowa,1.4,0.11,0.71,republican
1980,Iowa,1.41,0.13,0.71,republican
1981,Iowa,1.44,0.13,0.69,republican
1982,Iowa,1.4,0.13,0.65,republican
1983,Iowa,1.4,0.13,0.65,republican
1984,Iowa,1.3900000000000001,0.12000000000000001,0.62,republican
1985,Iowa,1.33,0.14,0.58,republican
1986,Iowa,1.35,0.2,0.54,republican
1987,Iowa,1.34,0.22,0.59,republican
1988,Iowa,1.32,0.2,0.53,democrat
1989,Iowa,1.3,0.19,0.52,democrat
1990,Iowa,1.34,0.18,0.54,democrat
1991,Iowa,1.32,0.16,0.52,democrat
1992,Iowa,1.31,0.13,0.46,democrat
1993,Iowa,1.28,0.11,0.48000000000000004,democrat
1994,Iowa,1.3,0.1,0.44,democrat
1995,Iowa,1.26,0.11,0.44,democrat
1996,Iowa,1.28,0.12000000000000001,0.45,democrat
1997,Iowa,1.28,0.12000000000000001,0.45,democrat
1998,Iowa,1.31,0.12000000000000001,0.46,democrat
1999,Iowa,1.34,0.13,0.48000000000000004,democrat
2000,Iowa,1.35,0.13,0.5,democrat
2001,Iowa,1.36,0.13,0.5,democrat
2002,Iowa,1.3800000000000001,0.14,0.51,democrat
2003,Iowa,1.3800000000000001,0.15000000000000002,0.54,democrat
2004,Iowa,1.3900000000000001,0.16,0.5700000000000001,republican
2005,Iowa,1.4,0.16,0.61,republican
2006,Iowa,1.3900000000000001,0.16,0.65,republican
2007,Iowa,1.41,0.17,0.6699999999999999,republican
2008,Iowa,1.43,0.17,0.7,democrat
2009,Iowa,1.42,0.18,0.72,democrat
2010,Iowa,1.3900000000000001,0.18,0.73,democrat
2011,Iowa,1.3800000000000001,0.21000000000000002,0.7799999999999999,democrat
2012,Iowa,1.36,0.23,0.81,democrat
2013,Iowa,1.33,0.22,0.7899999999999999,democrat
2014,Iowa,1.34,0.21000000000000002,0.81,democrat
2015,Iowa,1.31,0.22,0.8300000000000001,democrat
1977,Kansas,1.1400000000000001,0.1,0.65,republican
1978,Kansas,1.1500000000000001,0.12000000000000001,0.65,republican
1979,Kansas,1.1900000000000002,0.12000000000000001,0.74,republican
1980,Kansas,1.22,0.11,0.61,republican
1981,Kansas,1.23,0.12000000000000001,0.7,republican
1982,Kansas,1.22,0.13,0.6699999999999999,republican
1983,Kansas,1.2,0.13,0.64,republican
1984,Kansas,1.1900000000000002,0.14,0.63,republican
1985,Kansas,1.1800000000000002,0.15000000000000002,0.64,republican
1986,Kansas,1.1400000000000001,0.17,0.6,republican
1987,Kansas,1.1400000000000001,0.17,0.5700000000000001,republican
1988,Kansas,1.1300000000000001,0.22,0.5700000000000001,republican
1989,Kansas,1.1300000000000001,0.13,0.55,republican
1990,Kansas,1.1300000000000001,0.13,0.53,republican
1991,Kansas,1.1500000000000001,0.14,0.5700000000000001,republican
1992,Kansas,1.09,0.14,0.55,republican
1993,Kansas,1.09,0.14,0.52,republican
1994,Kansas,1.12,0.13,0.48000000000000004,republican
1995,Kansas,1.04,0.12000000000000001,0.5,republican
1996,Kansas,1.04,0.12000000000000001,0.49,republican
1997,Kansas,1.08,0.12000000000000001,0.48000000000000004,republican
1998,Kansas,1.08,0.13,0.54,republican
1999,Kansas,1.12,0.15000000000000002,0.54,republican
2000,Kansas,1.1300000000000001,0.15000000000000002,0.53,republican
2001,Kansas,1.12,0.15000000000000002,0.53,republican
2002,Kansas,1.1900000000000002,0.15000000000000002,0.54,republican
2003,Kansas,1.1600000000000001,0.17,0.56,republican
2004,Kansas,1.1400000000000001,0.16,0.56,republican
2005,Kansas,1.1400000000000001,0.18,0.5700000000000001,republican
2006,Kansas,1.1400000000000001,0.18,0.61,republican
2007,Kansas,1.1700000000000002,0.15000000000000002,0.64,republican
2008,Kansas,1.22,0.14,0.65,republican
2009,Kansas,1.1800000000000002,0.14,0.6699999999999999,republican
2010,Kansas,1.1300000000000001,0.14,0.6799999999999999,republican
2011,Kansas,1.07,0.14,0.69,republican
2012,Kansas,1.09,0.14,0.72,republican
2013,Kansas,0.99,0.14,0.76,republican
2014,Kansas,1.04,0.14,0.75,republican
2015,Kansas,1.03,0.14,0.74,republican
1977,Kentucky,1.1600000000000001,0.09,0.73,democrat
1978,Kentucky,1.04,0.09,0.75,democrat
1979,Kentucky,1.07,0.09,0.75,democrat
1980,Kentucky,1.08,0.1,0.73,republican
1981,Kentucky,1.1300000000000001,0.1,0.75,republican
1982,Kentucky,1.1400000000000001,0.12000000000000001,0.72,republican
1983,Kentucky,1.1300000000000001,0.12000000000000001,0.7,republican
1984,Kentucky,1.06,0.13,0.6799999999999999,republican
1985,Kentucky,1.08,0.14,0.6599999999999999,republican
1986,Kentucky,1.1,0.14,0.63,republican
1987,Kentucky,1.04,0.14,0.6,republican
1988,Kentucky,1.1,0.12000000000000001,0.6,republican
1989,Kentucky,1.09,0.12000000000000001,0.5700000000000001,republican
1990,Kentucky,1.12,0.11,0.6,republican
1991,Kentucky,1.11,0.11,0.56,republican
1992,Kentucky,1.04,0.11,0.56,democrat
1993,Kentucky,1.08,0.1,0.55,democrat
1994,Kentucky,1.08,0.11,0.55,democrat
1995,Kentucky,1.06,0.11,0.54,democrat
1996,Kentucky,1.09,0.13,0.54,democrat
1997,Kentucky,1.07,0.13,0.53,democrat
1998,Kentucky,1.08,0.13,0.53,democrat
1999,Kentucky,1.07,0.13,0.54,democrat
2000,Kentucky,1.07,0.14,0.53,republican
2001,Kentucky,1.04,0.12000000000000001,0.46,republican
2002,Kentucky,1.08,0.14,0.54,republican
2003,Kentucky,1.03,0.15000000000000002,0.5700000000000001,republican
2004,Kentucky,1.07,0.17,0.5700000000000001,republican
2005,Kentucky,1.04,0.14,0.61,republican
2006,Kentucky,1.04,0.17,0.62,republican
2007,Kentucky,1.04,0.17,0.63,republican
2008,Kentucky,1.03,0.17,0.65,republican
2009,Kentucky,1.02,0.18,0.65,republican
2010,Kentucky,1,0.18,0.6599999999999999,republican
2011,Kentucky,0.9400000000000001,0.19,0.6599999999999999,republican
2012,Kentucky,0.97,0.2,0.7,republican
2013,Kentucky,0.9500000000000001,0.2,0.7,republican
2014,Kentucky,0.9400000000000001,0.21000000000000002,0.72,republican
2015,Kentucky,0.99,0.22,0.76,republican
1977,Louisiana,1.27,0.25,1,democrat
1978,Louisiana,1.32,0.25,1.04,democrat
1979,Louisiana,1.32,0.25,1.04,democrat
1980,Louisiana,1.4,0.27,1.03,republican
1981,Louisiana,1.49,0.28,1.02,republican
1982,Louisiana,1.49,0.3,1,republican
1983,Louisiana,1.44,0.31,1.03,republican
1984,Louisiana,1.42,0.29000000000000004,0.9500000000000001,republican
1985,Louisiana,1.37,0.28,0.8700000000000001,republican
1986,Louisiana,1.42,0.26,0.7899999999999999,republican
1987,Louisiana,1.4,0.25,0.77,republican
1988,Louisiana,1.49,0.24000000000000002,0.71,republican
1989,Louisiana,1.47,0.24000000000000002,0.74,republican
1990,Louisiana,1.53,0.23,0.7799999999999999,republican
1991,Louisiana,1.52,0.21000000000000002,0.73,republican
1992,Louisiana,1.55,0.22,0.74,democrat
1993,Louisiana,1.53,0.21000000000000002,0.72,democrat
1994,Louisiana,1.45,0.21000000000000002,0.73,democrat
1995,Louisiana,1.51,0.21000000000000002,0.73,democrat
1996,Louisiana,1.52,0.22,0.72,democrat
1997,Louisiana,1.51,0.23,0.71,democrat
1998,Louisiana,1.48,0.23,0.7,democrat
1999,Louisiana,1.52,0.24000000000000002,0.69,democrat
2000,Louisiana,1.51,0.22,0.7,republican
2001,Louisiana,1.49,0.23,0.69,republican
2002,Louisiana,1.32,0.24000000000000002,0.7,republican
2003,Louisiana,1.41,0.25,0.72,republican
2004,Louisiana,1.3800000000000001,0.26,0.73,republican
2005,Louisiana,1.47,0.24000000000000002,0.71,republican
2006,Louisiana,1.59,0.25,0.7799999999999999,republican
2007,Louisiana,1.57,0.27,0.81,republican
2008,Louisiana,1.55,0.26,0.8300000000000001,republican
2009,Louisiana,1.5,0.28,0.8500000000000001,republican
2010,Louisiana,1.42,0.28,0.8400000000000001,republican
2011,Louisiana,1.3900000000000001,0.3,0.88,republican
2012,Louisiana,1.3800000000000001,0.32,0.9,republican
2013,Louisiana,1.34,0.32,0.93,republican
2014,Louisiana,1.3,0.32999999999999996,0.96,republican
2015,Louisiana,1.27,0.32999999999999996,0.98,republican
1977,Maine,1.35,0.23,1.02,republican
1978,Maine,1.28,0.26,1.03,republican
1979,Maine,1.27,0.27,1.05,republican
1980,Maine,1.32,0.28,1.06,republican
1981,Maine,1.24,0.28,1.05,republican
1982,Maine,1.3,0.3,1.02,republican
1983,Maine,1.32,0.29000000000000004,1.03,republican
1984,Maine,1.25,0.31,1.02,republican
1985,Maine,1.29,0.32999999999999996,0.9400000000000001,republican
1986,Maine,1.29,0.36,0.92,republican
1987,Maine,1.27,0.38,0.91,republican
1988,Maine,1.29,0.36,0.91,republican
1989,Maine,1.26,0.33999999999999997,0.8600000000000001,republican
1990,Maine,1.21,0.31,0.8200000000000001,republican
1991,Maine,1.1800000000000002,0.3,0.77,republican
1992,Maine,1.1600000000000001,0.29000000000000004,0.7799999999999999,democrat
1993,Maine,1.1500000000000001,0.29000000000000004,0.7899999999999999,democrat
1994,Maine,1.1300000000000001,0.27,0.77,democrat
1995,Maine,1.1400000000000001,0.28,0.7,democrat
1996,Maine,1.21,0.32,0.69,democrat
1997,Maine,1.1600000000000001,0.32,0.6799999999999999,democrat
1998,Maine,1.1400000000000001,0.32999999999999996,0.69,democrat
1999,Maine,1.1600000000000001,0.36,0.69,democrat
2000,Maine,1.1700000000000002,0.38,0.6799999999999999,democrat
2001,Maine,1.21,0.37,0.7,democrat
2002,Maine,1.23,0.4,0.7,democrat
2003,Maine,1.25,0.4,0.74,democrat
2004,Maine,1.26,0.41000000000000003,0.76,democrat
2005,Maine,1.34,0.41000000000000003,0.77,democrat
2006,Maine,1.34,0.42000000000000004,0.7799999999999999,democrat
2007,Maine,1.35,0.42000000000000004,0.8,democrat
2008,Maine,1.33,0.42000000000000004,0.81,democrat
2009,Maine,1.31,0.42000000000000004,0.8200000000000001,democrat
2010,Maine,1.3,0.42000000000000004,0.8400000000000001,democrat
2011,Maine,1.31,0.42000000000000004,0.8700000000000001,democrat
2012,Maine,1.34,0.42000000000000004,0.89,democrat
2013,Maine,1.36,0.42000000000000004,0.91,democrat
2014,Maine,1.36,0.42000000000000004,0.93,democrat
2015,Maine,1.37,0.44,0.97,democrat
1977,Maryland,1.36,0.3,1.3800000000000001,democrat
1978,Maryland,1.4,0.31,1.3800000000000001,democrat
1979,Maryland,1.43,0.31,1.3900000000000001,democrat
1980,Maryland,1.41,0.32999999999999996,1.35,democrat
1981,Maryland,1.3900000000000001,0.33999999999999997,1.33,democrat
1982,Maryland,1.27,0.32,1.1600000000000001,democrat
1983,Maryland,1.34,0.35,1.2,democrat
1984,Maryland,1.31,0.36,1.1700000000000002,republican
1985,Maryland,1.3,0.36,1.1400000000000001,republican
1986,Maryland,1.28,0.38,1.07,republican
1987,Maryland,1.28,0.38,1.06,republican
1988,Maryland,1.24,0.36,1,republican
1989,Maryland,1.2,0.33999999999999997,0.97,republican
1990,Maryland,1.22,0.32999999999999996,0.96,republican
1991,Maryland,1.1500000000000001,0.3,0.89,republican
1992,Maryland,1.11,0.29000000000000004,0.8600000000000001,democrat
1993,Maryland,1.1,0.28,0.8,democrat
1994,Maryland,1.09,0.28,0.7799999999999999,democrat
1995,Maryland,1.07,0.28,0.74,democrat
1996,Maryland,1.05,0.29000000000000004,0.74,democrat
1997,Maryland,1.08,0.29000000000000004,0.73,democrat
1998,Maryland,1.05,0.3,0.73,democrat
1999,Maryland,1.04,0.3,0.74,democrat
2000,Maryland,1.04,0.3,0.75,democrat
2001,Maryland,1.06,0.3,0.75,democrat
2002,Maryland,1.06,0.31,0.76,democrat
2003,Maryland,1.03,0.32,0.77,democrat
2004,Maryland,1.03,0.32999999999999996,0.7899999999999999,democrat
2005,Maryland,1.02,0.33999999999999997,0.81,democrat
2006,Maryland,1.01,0.33999999999999997,0.8300000000000001,democrat
2007,Maryland,1.01,0.36,0.8400000000000001,democrat
2008,Maryland,0.99,0.36,0.8400000000000001,democrat
2009,Maryland,0.96,0.36,0.8600000000000001,democrat
2010,Maryland,0.9400000000000001,0.38,0.89,democrat
2011,Maryland,0.92,0.39,0.89,democrat
2012,Maryland,0.91,0.39,0.9,democrat
2013,Maryland,0.89,0.39,0.9,democrat
2014,Maryland,0.8600000000000001,0.39,0.9,democrat
2015,Maryland,0.8500000000000001,0.39,0.9,democrat
1977,Massachusetts,1.35,0.37,1.25,democrat
1978,Massachusetts,1.3800000000000001,0.41000000000000003,1.26,democrat
1979,Massachusetts,1.4,0.43000000000000005,1.24,democrat
1980,Massachusetts,1.46,0.45,1.26,republican
1981,Massachusetts,1.44,0.49,1.24,republican
1982,Massachusetts,1.35,0.5,1.22,republican
1983,Massachusetts,1.36,0.49,1.2,republican
1984,Massachusetts,1.29,0.5,1.23,republican
1985,Massachusetts,1.28,0.5,1.1900000000000002,republican
1986,Massachusetts,1.29,0.52,1.11,republican
1987,Massachusetts,1.27,0.5,1.11,republican
1988,Massachusetts,1.27,0.49,1.05,democrat
1989,Massachusetts,1.24,0.46,1,democrat
1990,Massachusetts,1.22,0.45,0.97,democrat
1991,Massachusetts,1.1900000000000002,0.43000000000000005,0.8700000000000001,democrat
1992,Massachusetts,1.12,0.44,0.8200000000000001,democrat
1993,Massachusetts,1.1400000000000001,0.44,0.8,democrat
1994,Massachusetts,1.1400000000000001,0.44,0.8,democrat
1995,Massachusetts,1.1300000000000001,0.44,0.7799999999999999,democrat
1996,Massachusetts,1.11,0.48000000000000004,0.77,democrat
1997,Massachusetts,1.1300000000000001,0.49,0.76,democrat
1998,Massachusetts,1.1400000000000001,0.5,0.75,democrat
1999,Massachusetts,1.09,0.51,0.7899999999999999,democrat
2000,Massachusetts,1.1600000000000001,0.51,0.8700000000000001,democrat
2001,Massachusetts,1.1300000000000001,0.52,0.7899999999999999,democrat
2002,Massachusetts,1.1300000000000001,0.54,0.8,democrat
2003,Massachusetts,1.1,0.56,0.8200000000000001,democrat
2004,Massachusetts,1.1,0.58,0.8400000000000001,democrat
2005,Massachusetts,1.07,0.59,0.8500000000000001,democrat
2006,Massachusetts,1.1,0.61,0.8500000000000001,democrat
2007,Massachusetts,1.11,0.62,0.8700000000000001,democrat
2008,Massachusetts,1.08,0.62,0.8400000000000001,democrat
2009,Massachusetts,1.03,0.62,0.8500000000000001,democrat
2010,Massachusetts,1.04,0.62,0.8400000000000001,democrat
2011,Massachusetts,1.02,0.64,0.88,democrat
2012,Massachusetts,1.03,0.65,0.88,democrat
2013,Massachusetts,1,0.6599999999999999,0.89,democrat
2014,Massachusetts,0.98,0.6599999999999999,0.91,democrat
2015,Massachusetts,0.96,0.65,0.91,democrat
1977,Michigan,1.45,0.24000000000000002,1.02,republican
1978,Michigan,1.43,0.25,1.05,republican
1979,Michigan,1.36,0.25,1.03,republican
1980,Michigan,1.34,0.28,1.02,republican
1981,Michigan,1.34,0.29000000000000004,1,republican
1982,Michigan,1.35,0.39,0.99,republican
1983,Michigan,1.36,0.28,0.98,republican
1984,Michigan,1.33,0.31,0.98,republican
1985,Michigan,1.31,0.32,0.96,republican
1986,Michigan,1.33,0.32999999999999996,0.9,republican
1987,Michigan,1.32,0.32999999999999996,0.8500000000000001,republican
1988,Michigan,1.32,0.32,0.8400000000000001,republican
1989,Michigan,1.29,0.3,0.8,republican
1990,Michigan,1.33,0.28,0.8,republican
1991,Michigan,1.3,0.22,0.74,republican
1992,Michigan,1.26,0.22,0.74,democrat
1993,Michigan,1.26,0.2,0.72,democrat
1994,Michigan,1.23,0.2,0.6699999999999999,democrat
1995,Michigan,1.2,0.19,0.6699999999999999,democrat
1996,Michigan,1.22,0.22,0.6599999999999999,democrat
1997,Michigan,1.1900000000000002,0.22,0.6599999999999999,democrat
1998,Michigan,1.2,0.22,0.6799999999999999,democrat
1999,Michigan,1.2,0.24000000000000002,0.6699999999999999,democrat
2000,Michigan,1.2,0.24000000000000002,0.6799999999999999,democrat
2001,Michigan,1.1800000000000002,0.23,0.6799999999999999,democrat
2002,Michigan,1.1900000000000002,0.25,0.69,democrat
2003,Michigan,1.1700000000000002,0.28,0.72,democrat
2004,Michigan,1.1600000000000001,0.27,0.72,democrat
2005,Michigan,1.1500000000000001,0.28,0.74,democrat
2006,Michigan,1.1300000000000001,0.29000000000000004,0.76,democrat
2007,Michigan,1.1300000000000001,0.3,0.77,democrat
2008,Michigan,1.1300000000000001,0.3,0.7899999999999999,democrat
2009,Michigan,1.11,0.32,0.8,democrat
2010,Michigan,1.09,0.32999999999999996,0.81,democrat
2011,Michigan,1.07,0.35,0.8300000000000001,democrat
2012,Michigan,1.08,0.35,0.8400000000000001,democrat
2013,Michigan,1.01,0.37,0.8500000000000001,democrat
2014,Michigan,1.05,0.39,0.88,democrat
2015,Michigan,0.99,0.36,0.89,democrat
1977,Minnesota,1.31,0.21000000000000002,1.1600000000000001,democrat
1978,Minnesota,1.32,0.23,1.1600000000000001,democrat
1979,Minnesota,1.36,0.24000000000000002,1.1700000000000002,democrat
1980,Minnesota,1.3900000000000001,0.26,1.2,democrat
1981,Minnesota,1.3900000000000001,0.27,1.1800000000000002,democrat
1982,Minnesota,1.37,0.27,1.11,democrat
1983,Minnesota,1.3800000000000001,0.27,1.1,democrat
1984,Minnesota,1.34,0.28,1.07,democrat
1985,Minnesota,1.31,0.31,1.06,democrat
1986,Minnesota,1.31,0.33999999999999997,0.93,democrat
1987,Minnesota,1.32,0.32,0.9400000000000001,democrat
1988,Minnesota,1.31,0.3,0.9,democrat
1989,Minnesota,1.29,0.27,0.89,democrat
1990,Minnesota,1.32,0.27,0.96,democrat
1991,Minnesota,1.3,0.24000000000000002,0.81,democrat
1992,Minnesota,1.25,0.25,0.8500000000000001,democrat
1993,Minnesota,1.24,0.24000000000000002,0.8400000000000001,democrat
1994,Minnesota,1.27,0.25,0.8300000000000001,democrat
1995,Minnesota,1.29,0.26,0.8300000000000001,democrat
1996,Minnesota,1.23,0.26,0.8300000000000001,democrat
1997,Minnesota,1.2,0.27,0.8500000000000001,democrat
1998,Minnesota,1.1600000000000001,0.27,0.8400000000000001,democrat
1999,Minnesota,1.23,0.27,0.8600000000000001,democrat
2000,Minnesota,1.24,0.26,0.8700000000000001,democrat
2001,Minnesota,1.25,0.26,0.88,democrat
2002,Minnesota,1.26,0.28,0.88,democrat
2003,Minnesota,1.22,0.29000000000000004,0.91,democrat
2004,Minnesota,1.24,0.31,0.9400000000000001,democrat
2005,Minnesota,1.1800000000000002,0.32999999999999996,0.97,democrat
2006,Minnesota,1.1500000000000001,0.32,0.93,democrat
2007,Minnesota,1.23,0.36,1.01,democrat
2008,Minnesota,1.21,0.36,1.03,democrat
2009,Minnesota,1.1900000000000002,0.37,1.04,democrat
2010,Minnesota,1.1400000000000001,0.32999999999999996,0.97,democrat
2011,Minnesota,1.1300000000000001,0.33999999999999997,1,democrat
2012,Minnesota,1.1800000000000002,0.42000000000000004,1.11,democrat
2013,Minnesota,1.1400000000000001,0.43000000000000005,1.1600000000000001,democrat
2014,Minnesota,1.1400000000000001,0.44,1.23,democrat
2015,Minnesota,1.1600000000000001,0.43000000000000005,1.1400000000000001,democrat
1977,Mississippi,1.04,0.1,0.8300000000000001,democrat
1978,Mississippi,1.11,0.1,0.88,democrat
1979,Mississippi,1.1,0.09,0.81,democrat
1980,Mississippi,1.1300000000000001,0.1,0.8600000000000001,republican
1981,Mississippi,1.1900000000000002,0.11,0.8400000000000001,republican
1982,Mississippi,1.1800000000000002,0.11,0.81,republican
1983,Mississippi,1.2,0.11,0.8,republican
1984,Mississippi,1.2,0.11,0.77,republican
1985,Mississippi,1.22,0.1,0.74,republican
1986,Mississippi,1.28,0.1,0.69,republican
1987,Mississippi,1.28,0.09,0.6599999999999999,republican
1988,Mississippi,1.3,0.09,0.6699999999999999,republican
1989,Mississippi,1.28,0.09,0.6599999999999999,republican
1990,Mississippi,1.34,0.09,0.65,republican
1991,Mississippi,1.32,0.09,0.64,republican
1992,Mississippi,1.35,0.09,0.63,republican
1993,Mississippi,1.37,0.1,0.63,republican
1994,Mississippi,1.28,0.08,0.63,republican
1995,Mississippi,1.37,0.1,0.61,republican
1996,Mississippi,1.42,0.1,0.62,republican
1997,Mississippi,1.3900000000000001,0.09,0.61,republican
1998,Mississippi,1.4,0.09,0.59,republican
1999,Mississippi,1.42,0.11,0.61,republican
2000,Mississippi,1.43,0.11,0.61,republican
2001,Mississippi,1.4,0.11,0.6,republican
2002,Mississippi,1.41,0.12000000000000001,0.61,republican
2003,Mississippi,1.3800000000000001,0.12000000000000001,0.63,republican
2004,Mississippi,1.3800000000000001,0.13,0.63,republican
2005,Mississippi,1.4,0.13,0.65,republican
2006,Mississippi,1.43,0.13,0.6699999999999999,republican
2007,Mississippi,1.45,0.14,0.6799999999999999,republican
2008,Mississippi,1.44,0.15000000000000002,0.7,republican
2009,Mississippi,1.41,0.15000000000000002,0.7,republican
2010,Mississippi,1.37,0.15000000000000002,0.7,republican
2011,Mississippi,1.36,0.16,0.71,republican
2012,Mississippi,1.37,0.16,0.71,republican
2013,Mississippi,1.35,0.16,0.73,republican
2014,Mississippi,1.33,0.16,0.75,republican
2015,Mississippi,1.31,0.17,0.77,republican
1977,Missouri,1.23,0.19,0.8300000000000001,democrat
1978,Missouri,1.31,0.19,0.89,democrat
1979,Missouri,1.36,0.2,0.8600000000000001,democrat
1980,Missouri,1.3900000000000001,0.2,0.8400000000000001,republican
1981,Missouri,1.41,0.22,0.8400000000000001,republican
1982,Missouri,1.3900000000000001,0.22,0.7899999999999999,republican
1983,Missouri,1.3800000000000001,0.22,0.7799999999999999,republican
1984,Missouri,1.35,0.26,0.6799999999999999,republican
1985,Missouri,1.34,0.26,0.77,republican
1986,Missouri,1.3800000000000001,0.28,0.73,republican
1987,Missouri,1.3800000000000001,0.28,0.73,republican
1988,Missouri,1.35,0.26,0.7,republican
1989,Missouri,1.36,0.23,0.7,republican
1990,Missouri,1.37,0.22,0.7,republican
1991,Missouri,1.35,0.22,0.64,republican
1992,Missouri,1.34,0.21000000000000002,0.69,democrat
1993,Missouri,1.33,0.2,0.6699999999999999,democrat
1994,Missouri,1.36,0.19,0.6599999999999999,democrat
1995,Missouri,1.31,0.2,0.62,democrat
1996,Missouri,1.31,0.22,0.5700000000000001,democrat
1997,Missouri,1.3,0.22,0.63,democrat
1998,Missouri,1.33,0.23,0.63,democrat
1999,Missouri,1.35,0.23,0.6599999999999999,democrat
2000,Missouri,1.35,0.23,0.6699999999999999,republican
2001,Missouri,1.34,0.23,0.6699999999999999,republican
2002,Missouri,1.36,0.25,0.6699999999999999,republican
2003,Missouri,1.34,0.26,0.7,republican
2004,Missouri,1.33,0.27,0.72,republican
2005,Missouri,1.31,0.27,0.73,republican
2006,Missouri,1.33,0.28,0.76,republican
2007,Missouri,1.33,0.3,0.7799999999999999,republican
2008,Missouri,1.32,0.3,0.8,republican
2009,Missouri,1.3,0.3,0.8300000000000001,republican
2010,Missouri,1.27,0.32,0.81,republican
2011,Missouri,1.24,0.33999999999999997,0.8600000000000001,republican
2012,Missouri,1.22,0.33999999999999997,0.8600000000000001,republican
2013,Missouri,1.1900000000000002,0.36,0.89,republican
2014,Missouri,1.1600000000000001,0.36,0.88,republican
2015,Missouri,1.1700000000000002,0.39,0.97,republican
1977,Montana,1.82,0.2,1.1,republican
1978,Montana,1.82,0.2,1.07,republican
1979,Montana,1.83,0.41000000000000003,1.05,republican
1980,Montana,1.82,0.35,1.03,republican
1981,Montana,1.9,0.32999999999999996,1.05,republican
1982,Montana,1.82,0.32,1.02,republican
1983,Montana,1.8,0.32,0.99,republican
1984,Montana,1.71,0.32,0.93,republican
1985,Montana,1.62,0.32999999999999996,0.89,republican
1986,Montana,1.6,0.33999999999999997,0.8200000000000001,republican
1987,Montana,1.59,0.33999999999999997,0.7799999999999999,republican
1988,Montana,1.61,0.32,0.77,republican
1989,Montana,1.59,0.29000000000000004,0.73,republican
1990,Montana,1.61,0.29000000000000004,0.77,republican
1991,Montana,1.61,0.28,0.76,republican
1992,Montana,1.59,0.26,0.75,democrat
1993,Montana,1.49,0.25,0.73,democrat
1994,Montana,1.57,0.24000000000000002,0.7,democrat
1995,Montana,1.52,0.25,0.7799999999999999,democrat
1996,Montana,1.55,0.26,0.64,republican
1997,Montana,1.41,0.27,0.64,republican
1998,Montana,1.53,0.27,0.65,republican
1999,Montana,1.56,0.28,0.6699999999999999,republican
2000,Montana,1.57,0.29000000000000004,0.6799999999999999,republican
2001,Montana,1.58,0.3,0.6799999999999999,republican
2002,Montana,1.62,0.32999999999999996,0.7,republican
2003,Montana,1.56,0.32999999999999996,0.72,republican
2004,Montana,1.57,0.33999999999999997,0.75,republican
2005,Montana,1.59,0.42000000000000004,0.77,republican
2006,Montana,1.6300000000000001,0.41000000000000003,0.8200000000000001,republican
2007,Montana,1.6600000000000001,0.43000000000000005,0.8500000000000001,republican
2008,Montana,1.6600000000000001,0.44,0.8700000000000001,republican
2009,Montana,1.6400000000000001,0.45,0.8700000000000001,republican
2010,Montana,1.6500000000000001,0.45,0.88,republican
2011,Montana,1.61,0.47000000000000003,0.9,republican
2012,Montana,1.6500000000000001,0.48000000000000004,0.9400000000000001,republican
2013,Montana,1.6400000000000001,0.49,0.9500000000000001,republican
2014,Montana,1.6300000000000001,0.5,0.96,republican
2015,Montana,1.6300000000000001,0.5,0.96,republican
1977,Nebraska,1.46,0.17,0.91,republican
1978,Nebraska,1.48,0.18,0.9,republican
1979,Nebraska,1.52,0.18,0.89,republican
1980,Nebraska,1.56,0.19,0.88,republican
1981,Nebraska,1.57,0.2,0.88,republican
1982,Nebraska,1.51,0.28,0.58,republican
1983,Nebraska,1.5,0.21000000000000002,0.8,republican
1984,Nebraska,1.46,0.21000000000000002,0.77,republican
1985,Nebraska,1.41,0.22,0.76,republican
1986,Nebraska,1.41,0.23,0.69,republican
1987,Nebraska,1.43,0.23,0.6699999999999999,republican
1988,Nebraska,1.41,0.22,0.6599999999999999,republican
1989,Nebraska,1.41,0.2,0.64,republican
1990,Nebraska,1.41,0.2,0.64,republican
1991,Nebraska,1.4,0.18,0.61,republican
1992,Nebraska,1.37,0.18,0.61,republican
1993,Nebraska,1.37,0.18,0.59,republican
1994,Nebraska,1.3900000000000001,0.18,0.5700000000000001,republican
1995,Nebraska,1.35,0.19,0.5700000000000001,republican
1996,Nebraska,1.35,0.18,0.5700000000000001,republican
1997,Nebraska,1.35,0.18,0.56,republican
1998,Nebraska,1.3900000000000001,0.18,0.58,republican
1999,Nebraska,1.42,0.17,0.6,republican
2000,Nebraska,1.44,0.17,0.62,republican
2001,Nebraska,1.43,0.16,0.6,republican
2002,Nebraska,1.45,0.17,0.61,republican
2003,Nebraska,1.43,0.19,0.63,republican
2004,Nebraska,1.44,0.2,0.65,republican
2005,Nebraska,1.41,0.2,0.6799999999999999,republican
2006,Nebraska,1.42,0.21000000000000002,0.71,republican
2007,Nebraska,1.43,0.2,0.6699999999999999,republican
2008,Nebraska,1.45,0.2,0.6799999999999999,republican
2009,Nebraska,1.42,0.2,0.6699999999999999,republican
2010,Nebraska,1.4,0.21000000000000002,0.6699999999999999,republican
2011,Nebraska,1.3900000000000001,0.21000000000000002,0.69,republican
2012,Nebraska,1.41,0.21000000000000002,0.69,republican
2013,Nebraska,1.3900000000000001,0.21000000000000002,0.71,republican
2014,Nebraska,1.37,0.21000000000000002,0.72,republican
2015,Nebraska,1.34,0.22,0.71,republican
1977,Nevada,1.99,0.77,3.56,republican
1978,Nevada,2.01,0.77,3.34,republican
1979,Nevada,2.07,0.7899999999999999,2.9699999999999998,republican
1980,Nevada,2.06,0.7799999999999999,2.9,republican
1981,Nevada,2.08,0.8,2.71,republican
1982,Nevada,2,0.77,2.5,republican
1983,Nevada,1.96,0.7799999999999999,2.4299999999999997,republican
1984,Nevada,1.97,0.8,2.32,republican
1985,Nevada,1.96,0.8400000000000001,2.18,republican
1986,Nevada,2.04,0.8600000000000001,2.07,republican
1987,Nevada,2.01,0.8300000000000001,2.05,republican
1988,Nevada,2.08,0.76,1.95,republican
1989,Nevada,2.12,0.71,1.87,republican
1990,Nevada,2.17,0.69,1.92,republican
1991,Nevada,2.05,0.63,1.6300000000000001,republican
1992,Nevada,2.02,0.62,1.61,democrat
1993,Nevada,1.95,0.58,1.54,democrat
1994,Nevada,1.93,0.5700000000000001,1.51,democrat
1995,Nevada,1.87,0.58,1.3900000000000001,democrat
1996,Nevada,1.91,0.59,1.3900000000000001,democrat
1997,Nevada,1.84,0.58,1.3,democrat
1998,Nevada,1.8,0.58,1.23,democrat
1999,Nevada,1.82,0.63,1.29,democrat
2000,Nevada,1.79,0.62,1.26,republican
2001,Nevada,1.79,0.59,1.21,republican
2002,Nevada,1.74,0.6,1.22,republican
2003,Nevada,1.74,0.61,1.23,republican
2004,Nevada,1.73,0.63,1.25,republican
2005,Nevada,1.6900000000000002,0.62,1.21,republican
2006,Nevada,1.71,0.65,1.28,republican
2007,Nevada,1.6600000000000001,0.62,1.23,republican
2008,Nevada,1.6300000000000001,0.61,1.29,democrat
2009,Nevada,1.53,0.56,1.11,democrat
2010,Nevada,1.49,0.6,1.21,democrat
2011,Nevada,1.45,0.63,1.27,democrat
2012,Nevada,1.41,0.62,1.25,democrat
2013,Nevada,1.41,0.63,1.28,democrat
2014,Nevada,1.41,0.6599999999999999,1.31,democrat
2015,Nevada,1.3900000000000001,0.6599999999999999,1.3,democrat
1977,New Hampshire,1.86,0.49,2.88,republican
1978,New Hampshire,1.95,0.53,2.88,republican
1979,New Hampshire,1.94,0.61,2.56,republican
1980,New Hampshire,1.93,0.6,2.4899999999999998,republican
1981,New Hampshire,1.8900000000000001,0.59,2.4299999999999997,republican
1982,New Hampshire,1.9,0.59,2.3499999999999996,republican
1983,New Hampshire,2.17,0.56,2.36,republican
1984,New Hampshire,1.99,0.59,2.3299999999999996,republican
1985,New Hampshire,1.99,0.53,2.22,republican
1986,New Hampshire,1.93,0.52,2.06,republican
1987,New Hampshire,1.93,0.5,1.99,republican
1988,New Hampshire,1.91,0.49,1.94,republican
1989,New Hampshire,1.87,0.5,2,republican
1990,New Hampshire,1.85,0.49,1.97,republican
1991,New Hampshire,1.85,0.49,1.96,republican
1992,New Hampshire,1.81,0.52,1.96,democrat
1993,New Hampshire,1.83,0.54,2.01,democrat
1994,New Hampshire,1.75,0.48000000000000004,1.9,democrat
1995,New Hampshire,1.73,0.5,1.79,democrat
1996,New Hampshire,1.78,0.53,1.79,democrat
1997,New Hampshire,1.78,0.54,1.72,democrat
1998,New Hampshire,1.77,0.55,1.6700000000000002,democrat
1999,New Hampshire,1.78,0.65,1.6400000000000001,democrat
2000,New Hampshire,1.78,0.65,1.6300000000000001,republican
2001,New Hampshire,1.75,0.6599999999999999,1.62,republican
2002,New Hampshire,1.75,0.7,1.6400000000000001,republican
2003,New Hampshire,1.75,0.71,1.6300000000000001,republican
2004,New Hampshire,1.74,0.73,1.6700000000000002,democrat
2005,New Hampshire,1.75,0.75,1.71,democrat
2006,New Hampshire,1.73,0.7799999999999999,1.77,democrat
2007,New Hampshire,1.82,0.7899999999999999,1.75,democrat
2008,New Hampshire,1.78,0.81,1.79,democrat
2009,New Hampshire,1.79,0.8400000000000001,1.84,democrat
2010,New Hampshire,1.81,0.8400000000000001,1.85,democrat
2011,New Hampshire,1.86,0.92,1.98,democrat
2012,New Hampshire,1.9,0.8600000000000001,1.8800000000000001,democrat
2013,New Hampshire,1.86,0.89,1.92,democrat
2014,New Hampshire,1.6900000000000002,0.89,1.95,democrat
2015,New Hampshire,1.87,0.88,1.95,democrat
1977,New Jersey,1.1600000000000001,0.4,1.1300000000000001,republican
1978,New Jersey,1.1700000000000002,0.41000000000000003,1.1,republican
1979,New Jersey,1.1800000000000002,0.43000000000000005,1.1,republican
1980,New Jersey,1.22,0.47000000000000003,1.1300000000000001,republican
1981,New Jersey,1.21,0.51,1.1500000000000001,republican
1982,New Jersey,1.21,0.52,1.1300000000000001,republican
1983,New Jersey,1.2,0.52,1.1300000000000001,republican
1984,New Jersey,1.1800000000000002,0.54,1.1,republican
1985,New Jersey,1.1700000000000002,0.55,1.07,republican
1986,New Jersey,1.1700000000000002,0.56,1.03,republican
1987,New Jersey,1.1800000000000002,0.54,1,republican
1988,New Jersey,1.1500000000000001,0.51,0.93,republican
1989,New Jersey,1.1300000000000001,0.5,0.9500000000000001,republican
1990,New Jersey,1.1500000000000001,0.48000000000000004,0.9500000000000001,republican
1991,New Jersey,1.09,0.43000000000000005,0.8200000000000001,republican
1992,New Jersey,1.07,0.44,0.8300000000000001,democrat
1993,New Jersey,1.07,0.42000000000000004,0.7899999999999999,democrat
1994,New Jersey,1.04,0.43000000000000005,0.7899999999999999,democrat
1995,New Jersey,1.06,0.44,0.7899999999999999,democrat
1996,New Jersey,1,0.44,0.76,democrat
1997,New Jersey,0.99,0.46,0.74,democrat
1998,New Jersey,0.98,0.46,0.71,democrat
1999,New Jersey,0.97,0.47000000000000003,0.74,democrat
2000,New Jersey,0.97,0.47000000000000003,0.76,democrat
2001,New Jersey,0.99,0.47000000000000003,0.75,democrat
2002,New Jersey,0.98,0.49,0.77,democrat
2003,New Jersey,0.9500000000000001,0.5,0.8,democrat
2004,New Jersey,0.96,0.52,0.8200000000000001,democrat
2005,New Jersey,0.9500000000000001,0.52,0.8300000000000001,democrat
2006,New Jersey,0.9500000000000001,0.54,0.8500000000000001,democrat
2007,New Jersey,0.93,0.55,0.8600000000000001,democrat
2008,New Jersey,0.93,0.55,0.8600000000000001,democrat
2009,New Jersey,0.91,0.5700000000000001,0.8600000000000001,democrat
2010,New Jersey,0.92,0.5700000000000001,0.8600000000000001,democrat
2011,New Jersey,0.89,0.58,0.89,democrat
2012,New Jersey,0.89,0.6,0.91,democrat
2013,New Jersey,0.8400000000000001,0.61,0.92,democrat
2014,New Jersey,0.8400000000000001,0.62,0.93,democrat
2015,New Jersey,0.8400000000000001,0.6,0.93,democrat
1977,New Mexico,1.62,0.31,0.9500000000000001,republican
1978,New Mexico,1.6500000000000001,0.31,0.96,republican
1979,New Mexico,1.6400000000000001,0.29000000000000004,0.97,republican
1980,New Mexico,1.6500000000000001,0.32,0.99,republican
1981,New Mexico,1.73,0.32,0.9500000000000001,republican
1982,New Mexico,1.72,0.33999999999999997,0.93,republican
1983,New Mexico,1.72,0.31,0.98,republican
1984,New Mexico,1.72,0.28,0.76,republican
1985,New Mexico,1.71,0.36,0.77,republican
1986,New Mexico,1.6600000000000001,0.36,0.71,republican
1987,New Mexico,1.6500000000000001,0.36,0.6799999999999999,republican
1988,New Mexico,1.6600000000000001,0.32999999999999996,0.6799999999999999,republican
1989,New Mexico,1.6700000000000002,0.29000000000000004,0.6599999999999999,republican
1990,New Mexico,1.6800000000000002,0.28,0.6799999999999999,republican
1991,New Mexico,1.6400000000000001,0.26,0.64,republican
1992,New Mexico,1.56,0.25,0.6599999999999999,democrat
1993,New Mexico,1.53,0.23,0.63,democrat
1994,New Mexico,1.46,0.19,0.6,democrat
1995,New Mexico,1.56,0.24000000000000002,0.6,democrat
1996,New Mexico,1.55,0.24000000000000002,0.59,democrat
1997,New Mexico,1.51,0.24000000000000002,0.58,democrat
1998,New Mexico,1.49,0.24000000000000002,0.58,democrat
1999,New Mexico,1.53,0.25,0.59,democrat
2000,New Mexico,1.53,0.25,0.61,democrat
2001,New Mexico,1.54,0.25,0.61,democrat
2002,New Mexico,1.52,0.26,0.61,democrat
2003,New Mexico,1.52,0.27,0.61,democrat
2004,New Mexico,1.46,0.25,0.6599999999999999,republican
2005,New Mexico,1.47,0.29000000000000004,0.6599999999999999,republican
2006,New Mexico,1.37,0.3,0.69,republican
2007,New Mexico,1.3900000000000001,0.3,0.7,republican
2008,New Mexico,1.41,0.31,0.71,democrat
2009,New Mexico,1.34,0.31,0.72,democrat
2010,New Mexico,1.23,0.31,0.74,democrat
2011,New Mexico,1.32,0.31,0.72,democrat
2012,New Mexico,1.24,0.32999999999999996,0.7899999999999999,democrat
2013,New Mexico,1.1700000000000002,0.33999999999999997,0.8400000000000001,democrat
2014,New Mexico,1.29,0.31,0.8200000000000001,democrat
2015,New Mexico,1.02,0.3,0.7799999999999999,democrat
1977,New York,1.1800000000000002,0.39,1.1800000000000002,democrat
1978,New York,1.1800000000000002,0.42000000000000004,1.1800000000000002,democrat
1979,New York,1.21,0.44,1.1700000000000002,democrat
1980,New York,1.27,0.46,1.1700000000000002,democrat
1981,New York,1.25,0.46,1.12,democrat
1982,New York,1.26,0.48000000000000004,1.11,democrat
1983,New York,1.23,0.49,1.05,democrat
1984,New York,1.1400000000000001,0.49,1.03,republican
1985,New York,1.1400000000000001,0.49,0.98,republican
1986,New York,1.12,0.5,0.91,republican
1987,New York,1.1400000000000001,0.47000000000000003,0.9,republican
1988,New York,1.1400000000000001,0.44,0.8600000000000001,democrat
1989,New York,1.11,0.42000000000000004,0.81,democrat
1990,New York,1.1300000000000001,0.41000000000000003,0.76,democrat
1991,New York,1.09,0.37,0.69,democrat
1992,New York,1.04,0.37,0.6799999999999999,democrat
1993,New York,1,0.35,0.62,democrat
1994,New York,0.98,0.35,0.6,democrat
1995,New York,1,0.38,0.5700000000000001,democrat
1996,New York,0.91,0.36,0.5700000000000001,democrat
1997,New York,0.8600000000000001,0.36,0.56,democrat
1998,New York,0.9500000000000001,0.38,0.51,democrat
1999,New York,0.93,0.37,0.56,democrat
2000,New York,0.92,0.38,0.58,democrat
2001,New York,0.96,0.37,0.56,democrat
2002,New York,0.9500000000000001,0.38,0.59,democrat
2003,New York,0.93,0.4,0.61,democrat
2004,New York,0.92,0.42000000000000004,0.62,democrat
2005,New York,0.91,0.43000000000000005,0.65,democrat
2006,New York,0.89,0.46,0.6599999999999999,democrat
2007,New York,0.93,0.47000000000000003,0.69,democrat
2008,New York,0.93,0.47000000000000003,0.6799999999999999,democrat
2009,New York,0.92,0.47000000000000003,0.7,democrat
2010,New York,0.89,0.48000000000000004,0.71,democrat
2011,New York,0.89,0.5,0.73,democrat
2012,New York,0.91,0.51,0.75,democrat
2013,New York,0.93,0.51,0.77,democrat
2014,New York,0.9,0.54,0.77,democrat
2015,New York,0.91,0.5,0.77,democrat
1977,North Carolina,0.98,0.19,0.81,democrat
1978,North Carolina,1.02,0.19,0.8300000000000001,democrat
1979,North Carolina,1.04,0.21000000000000002,0.8400000000000001,democrat
1980,North Carolina,1.1,0.2,0.8500000000000001,republican
1981,North Carolina,1.1,0.21000000000000002,0.8600000000000001,republican
1982,North Carolina,1.07,0.21000000000000002,0.8500000000000001,republican
1983,North Carolina,1.11,0.22,0.8,republican
1984,North Carolina,1.11,0.24000000000000002,0.7799999999999999,republican
1985,North Carolina,1.1,0.27,0.76,republican
1986,North Carolina,1.11,0.3,0.74,republican
1987,North Carolina,1.11,0.28,0.71,republican
1988,North Carolina,1.11,0.28,0.6799999999999999,republican
1989,North Carolina,1.1300000000000001,0.27,0.6599999999999999,republican
1990,North Carolina,1.1600000000000001,0.27,0.65,republican
1991,North Carolina,1.11,0.24000000000000002,0.6,republican
1992,North Carolina,1.1400000000000001,0.23,0.59,republican
1993,North Carolina,1.1400000000000001,0.22,0.56,republican
1994,North Carolina,1.1400000000000001,0.21000000000000002,0.54,republican
1995,North Carolina,1.12,0.21000000000000002,0.53,republican
1996,North Carolina,1.21,0.24000000000000002,0.53,republican
1997,North Carolina,1.22,0.23,0.52,republican
1998,North Carolina,1.21,0.23,0.5,republican
1999,North Carolina,1.21,0.24000000000000002,0.51,republican
2000,North Carolina,1.22,0.25,0.52,republican
2001,North Carolina,1.24,0.25,0.51,republican
2002,North Carolina,1.25,0.27,0.5,republican
2003,North Carolina,1.21,0.27,0.52,republican
2004,North Carolina,1.1600000000000001,0.3,0.53,republican
2005,North Carolina,1.1300000000000001,0.3,0.54,republican
2006,North Carolina,1.1400000000000001,0.32999999999999996,0.54,republican
2007,North Carolina,1.1500000000000001,0.33999999999999997,0.56,republican
2008,North Carolina,1.1300000000000001,0.32999999999999996,0.5700000000000001,democrat
2009,North Carolina,1.1,0.33999999999999997,0.5700000000000001,democrat
2010,North Carolina,1.07,0.35,0.5700000000000001,democrat
2011,North Carolina,1.05,0.37,0.58,democrat
2012,North Carolina,1.06,0.38,0.6,republican
2013,North Carolina,1.04,0.4,0.6,republican
2014,North Carolina,1.05,0.41000000000000003,0.61,republican
2015,North Carolina,1.05,0.42000000000000004,0.63,republican
1977,North Dakota,1.35,0.15000000000000002,1.12,republican
1978,North Dakota,1.45,0.16,1.1500000000000001,republican
1979,North Dakota,1.46,0.16,1.1,republican
1980,North Dakota,1.52,0.17,1.1300000000000001,republican
1981,North Dakota,1.53,0.18,1.1400000000000001,republican
1982,North Dakota,1.52,0.18,1.09,republican
1983,North Dakota,1.49,0.17,1.05,republican
1984,North Dakota,1.41,0.17,0.99,republican
1985,North Dakota,1.34,0.19,0.96,republican
1986,North Dakota,1.34,0.22,0.8700000000000001,republican
1987,North Dakota,1.37,0.21000000000000002,0.89,republican
1988,North Dakota,1.41,0.19,0.88,republican
1989,North Dakota,1.41,0.17,0.8600000000000001,republican
1990,North Dakota,1.47,0.17,0.93,republican
1991,North Dakota,1.43,0.16,0.8600000000000001,republican
1992,North Dakota,1.3800000000000001,0.15000000000000002,0.8500000000000001,republican
1993,North Dakota,1.37,0.15000000000000002,0.8400000000000001,republican
1994,North Dakota,1.3900000000000001,0.15000000000000002,0.7799999999999999,republican
1995,North Dakota,1.36,0.16,0.77,republican
1996,North Dakota,1.4,0.13,0.77,republican
1997,North Dakota,1.4,0.13,0.77,republican
1998,North Dakota,1.45,0.13,0.76,republican
1999,North Dakota,1.48,0.15000000000000002,0.7799999999999999,republican
2000,North Dakota,1.47,0.15000000000000002,0.7899999999999999,republican
2001,North Dakota,1.46,0.15000000000000002,0.81,republican
2002,North Dakota,1.51,0.16,0.8300000000000001,republican
2003,North Dakota,1.53,0.17,0.8600000000000001,republican
2004,North Dakota,1.49,0.18,0.8200000000000001,republican
2005,North Dakota,1.48,0.18,0.9400000000000001,republican
2006,North Dakota,1.5,0.2,1,republican
2007,North Dakota,1.53,0.23,1.06,republican
2008,North Dakota,1.6,0.23,1.11,republican
2009,North Dakota,1.59,0.24000000000000002,1.1300000000000001,republican
2010,North Dakota,1.49,0.25,1.1900000000000002,republican
2011,North Dakota,1.6600000000000001,0.26,1.26,republican
2012,North Dakota,1.75,0.3,1.3800000000000001,republican
2013,North Dakota,1.6900000000000002,0.32,1.3800000000000001,republican
2014,North Dakota,1.6800000000000002,0.35,1.4,republican
2015,North Dakota,1.58,0.35,1.33,republican
1977,Ohio,1.1600000000000001,0.18,0.7,democrat
1978,Ohio,1.1900000000000002,0.2,0.7,democrat
1979,Ohio,1.35,0.19,0.7,democrat
1980,Ohio,1.3900000000000001,0.21000000000000002,0.72,republican
1981,Ohio,1.35,0.22,0.6799999999999999,republican
1982,Ohio,1.4,0.22,0.6599999999999999,republican
1983,Ohio,1.36,0.22,0.65,republican
1984,Ohio,1.41,0.25,0.61,republican
1985,Ohio,1.37,0.25,0.59,republican
1986,Ohio,1.32,0.25,0.6,republican
1987,Ohio,1.35,0.24000000000000002,0.59,republican
1988,Ohio,1.35,0.24000000000000002,0.55,republican
1989,Ohio,1.36,0.22,0.51,republican
1990,Ohio,1.34,0.22,0.53,republican
1991,Ohio,1.33,0.18,0.51,republican
1992,Ohio,1.32,0.17,0.5,democrat
1993,Ohio,1.29,0.16,0.5,democrat
1994,Ohio,1.31,0.16,0.37,democrat
1995,Ohio,1.29,0.17,0.43000000000000005,democrat
1996,Ohio,1.36,0.18,0.43000000000000005,democrat
1997,Ohio,1.28,0.19,0.43000000000000005,democrat
1998,Ohio,1.3,0.19,0.44,democrat
1999,Ohio,1.32,0.2,0.37,democrat
2000,Ohio,1.32,0.21000000000000002,0.38,republican
2001,Ohio,1.34,0.21000000000000002,0.39,republican
2002,Ohio,1.35,0.21000000000000002,0.39,republican
2003,Ohio,1.34,0.22,0.4,republican
2004,Ohio,1.34,0.22,0.42000000000000004,republican
2005,Ohio,1.34,0.23,0.43000000000000005,republican
2006,Ohio,1.33,0.24000000000000002,0.44,republican
2007,Ohio,1.34,0.25,0.45,republican
2008,Ohio,1.33,0.26,0.46,democrat
2009,Ohio,1.3,0.27,0.47000000000000003,democrat
2010,Ohio,1.29,0.25,0.48000000000000004,democrat
2011,Ohio,1.24,0.28,0.5,democrat
2012,Ohio,1.23,0.29000000000000004,0.51,democrat
2013,Ohio,1.22,0.3,0.53,democrat
2014,Ohio,1.1900000000000002,0.3,0.54,democrat
2015,Ohio,1.1700000000000002,0.3,0.56,democrat
1977,Oklahoma,1.04,0.13,0.77,republican
1978,Oklahoma,1.05,0.14,0.8,republican
1979,Oklahoma,1.03,0.13,0.7799999999999999,republican
1980,Oklahoma,1.07,0.16,0.71,republican
1981,Oklahoma,1.1400000000000001,0.16,0.8300000000000001,republican
1982,Oklahoma,1.1500000000000001,0.16,0.8200000000000001,republican
1983,Oklahoma,1.04,0.16,0.77,republican
1984,Oklahoma,1,0.16,0.74,republican
1985,Oklahoma,1.05,0.15000000000000002,0.6799999999999999,republican
1986,Oklahoma,1.06,0.15000000000000002,0.62,republican
1987,Oklahoma,1.06,0.15000000000000002,0.58,republican
1988,Oklahoma,1.07,0.14,0.52,republican
1989,Oklahoma,1.08,0.14,0.54,republican
1990,Oklahoma,1.12,0.14,0.55,republican
1991,Oklahoma,1.09,0.13,0.54,republican
1992,Oklahoma,1.1300000000000001,0.13,0.55,republican
1993,Oklahoma,1.11,0.11,0.48000000000000004,republican
1994,Oklahoma,1.1500000000000001,0.13,0.5,republican
1995,Oklahoma,1.1,0.12000000000000001,0.44,republican
1996,Oklahoma,1.09,0.12000000000000001,0.45,republican
1997,Oklahoma,1.1,0.12000000000000001,0.43000000000000005,republican
1998,Oklahoma,1.12,0.12000000000000001,0.43000000000000005,republican
1999,Oklahoma,1.11,0.12000000000000001,0.44,republican
2000,Oklahoma,1.12,0.12000000000000001,0.44,republican
2001,Oklahoma,1.11,0.12000000000000001,0.43000000000000005,republican
2002,Oklahoma,1.12,0.13,0.58,republican
2003,Oklahoma,1.06,0.13,0.74,republican
2004,Oklahoma,1.11,0.13,0.46,republican
2005,Oklahoma,1.09,0.16,0.55,republican
2006,Oklahoma,1.1300000000000001,0.17,0.56,republican
2007,Oklahoma,1.1700000000000002,0.17,0.5700000000000001,republican
2008,Oklahoma,1.22,0.18,0.58,republican
2009,Oklahoma,1.1700000000000002,0.18,0.58,republican
2010,Oklahoma,1.1600000000000001,0.18,0.58,republican
2011,Oklahoma,1.1400000000000001,0.19,0.59,republican
2012,Oklahoma,1.1400000000000001,0.19,0.61,republican
2013,Oklahoma,1.11,0.19,0.62,republican
2014,Oklahoma,1.09,0.19,0.63,republican
2015,Oklahoma,1.07,0.19,0.62,republican
1977,Oregon,1.3,0.45,0.9400000000000001,republican
1978,Oregon,1.32,0.46,0.96,republican
1979,Oregon,1.36,0.47000000000000003,0.9400000000000001,republican
1980,Oregon,1.36,0.5,0.9400000000000001,republican
1981,Oregon,1.37,0.5,0.92,republican
1982,Oregon,1.32,0.52,0.88,republican
1983,Oregon,1.32,0.53,0.8500000000000001,republican
1984,Oregon,1.28,0.53,0.8200000000000001,republican
1985,Oregon,1.25,0.55,0.77,republican
1986,Oregon,1.28,0.55,0.74,republican
1987,Oregon,1.28,0.53,0.73,republican
1988,Oregon,1.29,0.52,0.72,democrat
1989,Oregon,1.28,0.47000000000000003,0.7,democrat
1990,Oregon,1.32,0.47000000000000003,0.73,democrat
1991,Oregon,1.28,0.44,0.6699999999999999,democrat
1992,Oregon,1.29,0.46,0.6699999999999999,democrat
1993,Oregon,1.24,0.43000000000000005,0.64,democrat
1994,Oregon,1.23,0.37,0.62,democrat
1995,Oregon,1.21,0.42000000000000004,0.59,democrat
1996,Oregon,1.23,0.44,0.61,democrat
1997,Oregon,1.1900000000000002,0.44,0.6,democrat
1998,Oregon,1.2,0.43000000000000005,0.61,democrat
1999,Oregon,1.21,0.43000000000000005,0.63,democrat
2000,Oregon,1.2,0.44,0.64,democrat
2001,Oregon,1.22,0.43000000000000005,0.65,democrat
2002,Oregon,1.22,0.46,0.6599999999999999,democrat
2003,Oregon,1.2,0.47000000000000003,0.69,democrat
2004,Oregon,1.23,0.49,0.72,democrat
2005,Oregon,1.1600000000000001,0.5,0.75,democrat
2006,Oregon,1.32,0.49,0.7799999999999999,democrat
2007,Oregon,1.35,0.5,0.81,democrat
2008,Oregon,1.22,0.49,0.8300000000000001,democrat
2009,Oregon,1.28,0.49,0.8200000000000001,democrat
2010,Oregon,1.1900000000000002,0.49,0.8300000000000001,democrat
2011,Oregon,1.1800000000000002,0.56,0.8500000000000001,democrat
2012,Oregon,1.21,0.5700000000000001,0.89,democrat
2013,Oregon,1.2,0.5700000000000001,0.89,democrat
2014,Oregon,1.23,0.5700000000000001,0.9,democrat
2015,Oregon,1.23,0.58,0.9,democrat
1977,Pennsylvania,1.34,0.2,0.74,democrat
1978,Pennsylvania,1.35,0.21000000000000002,0.73,democrat
1979,Pennsylvania,1.4,0.22,0.72,democrat
1980,Pennsylvania,1.45,0.22,0.71,republican
1981,Pennsylvania,1.42,0.23,0.72,republican
1982,Pennsylvania,1.44,0.23,0.7,republican
1983,Pennsylvania,1.41,0.22,0.6699999999999999,republican
1984,Pennsylvania,1.3800000000000001,0.21000000000000002,0.6699999999999999,republican
1985,Pennsylvania,1.3800000000000001,0.21000000000000002,0.65,republican
1986,Pennsylvania,1.4,0.21000000000000002,0.64,republican
1987,Pennsylvania,1.4,0.2,0.62,republican
1988,Pennsylvania,1.41,0.19,0.54,republican
1989,Pennsylvania,1.3800000000000001,0.18,0.5700000000000001,republican
1990,Pennsylvania,1.42,0.18,0.55,republican
1991,Pennsylvania,1.36,0.17,0.52,republican
1992,Pennsylvania,1.3,0.18,0.51,democrat
1993,Pennsylvania,1.31,0.17,0.48000000000000004,democrat
1994,Pennsylvania,1.28,0.18,0.47000000000000003,democrat
1995,Pennsylvania,1.26,0.17,0.45,democrat
1996,Pennsylvania,1.26,0.18,0.45,democrat
1997,Pennsylvania,1.33,0.18,0.45,democrat
1998,Pennsylvania,1.21,0.18,0.45,democrat
1999,Pennsylvania,1.27,0.2,0.46,democrat
2000,Pennsylvania,1.29,0.2,0.47000000000000003,democrat
2001,Pennsylvania,1.33,0.2,0.48000000000000004,democrat
2002,Pennsylvania,1.35,0.21000000000000002,0.49,democrat
2003,Pennsylvania,1.31,0.22,0.51,democrat
2004,Pennsylvania,1.3,0.23,0.53,democrat
2005,Pennsylvania,1.32,0.23,0.55,democrat
2006,Pennsylvania,1.32,0.23,0.55,democrat
2007,Pennsylvania,1.35,0.25,0.58,democrat
2008,Pennsylvania,1.36,0.26,0.61,democrat
2009,Pennsylvania,1.37,0.28,0.63,democrat
2010,Pennsylvania,1.37,0.29000000000000004,0.64,democrat
2011,Pennsylvania,1.37,0.3,0.6599999999999999,democrat
2012,Pennsylvania,1.36,0.31,0.6699999999999999,democrat
2013,Pennsylvania,1.34,0.31,0.6799999999999999,democrat
2014,Pennsylvania,1.32,0.32,0.7,democrat
2015,Pennsylvania,1.31,0.32,0.7,democrat
1977,Rhode Island,1.35,0.42000000000000004,1.09,democrat
1978,Rhode Island,1.37,0.48000000000000004,1.1300000000000001,democrat
1979,Rhode Island,1.42,0.49,1.08,democrat
1980,Rhode Island,1.46,0.53,1.1300000000000001,democrat
1981,Rhode Island,1.36,0.53,1.04,democrat
1982,Rhode Island,1.34,0.55,1.04,democrat
1983,Rhode Island,1.48,0.5,1.06,democrat
1984,Rhode Island,1.37,0.52,1.03,republican
1985,Rhode Island,1.4,0.51,1.03,republican
1986,Rhode Island,1.4,0.53,0.92,republican
1987,Rhode Island,1.3900000000000001,0.51,0.93,republican
1988,Rhode Island,1.3800000000000001,0.49,0.96,democrat
1989,Rhode Island,1.35,0.46,0.8600000000000001,democrat
1990,Rhode Island,1.31,0.44,0.7899999999999999,democrat
1991,Rhode Island,1.33,0.37,0.71,democrat
1992,Rhode Island,1.24,0.39,0.7,democrat
1993,Rhode Island,1.22,0.36,0.69,democrat
1994,Rhode Island,1.23,0.38,0.6599999999999999,democrat
1995,Rhode Island,1.1800000000000002,0.38,0.63,democrat
1996,Rhode Island,1.1600000000000001,0.42000000000000004,0.6599999999999999,democrat
1997,Rhode Island,1.22,0.44,0.64,democrat
1998,Rhode Island,1.1400000000000001,0.47000000000000003,0.63,democrat
1999,Rhode Island,1.1400000000000001,0.45,0.69,democrat
2000,Rhode Island,1.1600000000000001,0.46,0.7,democrat
2001,Rhode Island,1.1900000000000002,0.46,0.7,democrat
2002,Rhode Island,1.1700000000000002,0.48000000000000004,0.74,democrat
2003,Rhode Island,1.1300000000000001,0.51,0.8,democrat
2004,Rhode Island,1.1300000000000001,0.5,0.8,democrat
2005,Rhode Island,0.98,0.49,0.8200000000000001,democrat
2006,Rhode Island,1.07,0.51,0.8300000000000001,democrat
2007,Rhode Island,1.1,0.53,0.8200000000000001,democrat
2008,Rhode Island,1.09,0.52,0.8400000000000001,democrat
2009,Rhode Island,1.07,0.55,0.8500000000000001,democrat
2010,Rhode Island,1.06,0.56,0.92,democrat
2011,Rhode Island,1.04,0.58,0.9400000000000001,democrat
2012,Rhode Island,1.03,0.59,0.97,democrat
2013,Rhode Island,1,0.5700000000000001,0.98,democrat
2014,Rhode Island,1.01,0.51,0.8600000000000001,democrat
2015,Rhode Island,0.96,0.5700000000000001,0.99,democrat
1977,South Carolina,1.12,0.16,1.09,democrat
1978,South Carolina,1.1400000000000001,0.17,1.1500000000000001,democrat
1979,South Carolina,1.1800000000000002,0.16,1.12,democrat
1980,South Carolina,1.22,0.18,1.06,republican
1981,South Carolina,1.24,0.19,1.04,republican
1982,South Carolina,1.23,0.2,0.99,republican
1983,South Carolina,1.27,0.2,1.02,republican
1984,South Carolina,1.27,0.24000000000000002,1.01,republican
1985,South Carolina,1.28,0.25,1,republican
1986,South Carolina,1.31,0.27,0.93,republican
1987,South Carolina,1.35,0.27,0.89,republican
1988,South Carolina,1.3800000000000001,0.26,0.9,republican
1989,South Carolina,1.3900000000000001,0.24000000000000002,0.8600000000000001,republican
1990,South Carolina,1.44,0.25,0.92,republican
1991,South Carolina,1.34,0.22,0.8400000000000001,republican
1992,South Carolina,1.34,0.2,0.7899999999999999,republican
1993,South Carolina,1.36,0.2,0.75,republican
1994,South Carolina,1.3800000000000001,0.17,0.74,republican
1995,South Carolina,1.33,0.19,0.6799999999999999,republican
1996,South Carolina,1.3800000000000001,0.21000000000000002,0.71,republican
1997,South Carolina,1.48,0.2,0.71,republican
1998,South Carolina,1.44,0.21000000000000002,0.72,republican
1999,South Carolina,1.48,0.22,0.72,republican
2000,South Carolina,1.49,0.22,0.72,republican
2001,South Carolina,1.4,0.22,0.65,republican
2002,South Carolina,1.4,0.22,0.6699999999999999,republican
2003,South Carolina,1.3800000000000001,0.23,0.74,republican
2004,South Carolina,1.3900000000000001,0.24000000000000002,0.76,republican
2005,South Carolina,1.43,0.24000000000000002,0.75,republican
2006,South Carolina,1.45,0.24000000000000002,0.76,republican
2007,South Carolina,1.42,0.24000000000000002,0.76,republican
2008,South Carolina,1.3900000000000001,0.24000000000000002,0.76,republican
2009,South Carolina,1.35,0.24000000000000002,0.76,republican
2010,South Carolina,1.31,0.24000000000000002,0.76,republican
2011,South Carolina,1.29,0.25,0.7799999999999999,republican
2012,South Carolina,1.28,0.25,0.7899999999999999,republican
2013,South Carolina,1.26,0.25,0.8,republican
2014,South Carolina,1.23,0.25,0.8,republican
2015,South Carolina,1.21,0.25,0.7899999999999999,republican
1977,South Dakota,1.1600000000000001,0.17,1.07,republican
1978,South Dakota,1.2,0.17,1.05,republican
1979,South Dakota,1.23,0.17,1.04,republican
1980,South Dakota,1.3,0.18,1.07,republican
1981,South Dakota,1.31,0.19,1.04,republican
1982,South Dakota,1.29,0.18,0.97,republican
1983,South Dakota,1.31,0.17,0.96,republican
1984,South Dakota,1.28,0.17,0.9,republican
1985,South Dakota,1.23,0.18,0.9500000000000001,republican
1986,South Dakota,1.26,0.2,0.8300000000000001,republican
1987,South Dakota,1.27,0.2,0.81,republican
1988,South Dakota,1.25,0.16,0.7899999999999999,republican
1989,South Dakota,1.3,0.15000000000000002,0.72,republican
1990,South Dakota,1.36,0.18,0.8,republican
1991,South Dakota,1.37,0.15000000000000002,0.76,republican
1992,South Dakota,1.37,0.15000000000000002,0.74,republican
1993,South Dakota,1.35,0.12000000000000001,0.73,republican
1994,South Dakota,1.3800000000000001,0.12000000000000001,0.73,republican
1995,South Dakota,1.35,0.12000000000000001,0.73,republican
1996,South Dakota,1.33,0.13,0.6799999999999999,republican
1997,South Dakota,1.33,0.13,0.69,republican
1998,South Dakota,1.41,0.13,0.6799999999999999,republican
1999,South Dakota,1.43,0.14,0.7,republican
2000,South Dakota,1.46,0.15000000000000002,0.69,republican
2001,South Dakota,1.49,0.15000000000000002,0.71,republican
2002,South Dakota,1.51,0.15000000000000002,0.6699999999999999,republican
2003,South Dakota,1.52,0.16,0.74,republican
2004,South Dakota,1.51,0.18,0.76,republican
2005,South Dakota,1.5,0.19,0.8300000000000001,republican
2006,South Dakota,1.51,0.19,0.7899999999999999,republican
2007,South Dakota,1.52,0.22,0.8700000000000001,republican
2008,South Dakota,1.57,0.22,0.8700000000000001,republican
2009,South Dakota,1.54,0.22,0.89,republican
2010,South Dakota,1.53,0.24000000000000002,0.92,republican
2011,South Dakota,1.52,0.28,0.97,republican
2012,South Dakota,1.54,0.26,0.96,republican
2013,South Dakota,1.53,0.28,1.02,republican
2014,South Dakota,1.5,0.25,0.99,republican
2015,South Dakota,1.49,0.29000000000000004,1.03,republican
1977,Tennessee,1.07,0.1,0.69,democrat
1978,Tennessee,1.12,0.1,0.7,democrat
1979,Tennessee,1.1,0.11,0.7,democrat
1980,Tennessee,1.1,0.12000000000000001,0.69,republican
1981,Tennessee,1.1400000000000001,0.13,0.71,republican
1982,Tennessee,1.1300000000000001,0.14,0.7,republican
1983,Tennessee,1.11,0.14,0.7,republican
1984,Tennessee,1.11,0.15000000000000002,0.7,republican
1985,Tennessee,1.12,0.16,0.6799999999999999,republican
1986,Tennessee,1.1800000000000002,0.16,0.63,republican
1987,Tennessee,1.1900000000000002,0.15000000000000002,0.63,republican
1988,Tennessee,1.22,0.15000000000000002,0.61,republican
1989,Tennessee,1.2,0.14,0.6,republican
1990,Tennessee,1.22,0.14,0.6,republican
1991,Tennessee,1.1900000000000002,0.13,0.54,republican
1992,Tennessee,1.21,0.14,0.56,democrat
1993,Tennessee,1.2,0.14,0.54,democrat
1994,Tennessee,1.1800000000000002,0.15000000000000002,0.53,democrat
1995,Tennessee,1.1700000000000002,0.15000000000000002,0.51,democrat
1996,Tennessee,1.1400000000000001,0.15000000000000002,0.51,democrat
1997,Tennessee,1.1500000000000001,0.15000000000000002,0.5,democrat
1998,Tennessee,1.1900000000000002,0.15000000000000002,0.5,democrat
1999,Tennessee,1.1900000000000002,0.15000000000000002,0.49,democrat
2000,Tennessee,1.1900000000000002,0.16,0.51,republican
2001,Tennessee,1.1500000000000001,0.16,0.5,republican
2002,Tennessee,1.1700000000000002,0.17,0.51,republican
2003,Tennessee,1.27,0.18,0.52,republican
2004,Tennessee,1.22,0.18,0.53,republican
2005,Tennessee,1.1900000000000002,0.19,0.55,republican
2006,Tennessee,1.1400000000000001,0.19,0.56,republican
2007,Tennessee,1.1300000000000001,0.2,0.56,republican
2008,Tennessee,1.1,0.2,0.5700000000000001,republican
2009,Tennessee,1.05,0.21000000000000002,0.5700000000000001,republican
2010,Tennessee,1.04,0.22,0.61,republican
2011,Tennessee,1.1300000000000001,0.24000000000000002,0.6599999999999999,republican
2012,Tennessee,1.07,0.25,0.6799999999999999,republican
2013,Tennessee,1.05,0.25,0.7,republican
2014,Tennessee,1.04,0.26,0.73,republican
2015,Tennessee,1.04,0.27,0.76,republican
1977,Texas,1.59,0.14,0.7799999999999999,democrat
1978,Texas,1.6400000000000001,0.14,0.8200000000000001,democrat
1979,Texas,1.7,0.14,0.8400000000000001,democrat
1980,Texas,1.75,0.22,0.8,republican
1981,Texas,1.84,0.24000000000000002,0.8500000000000001,republican
1982,Texas,1.83,0.18,0.8400000000000001,republican
1983,Texas,1.72,0.27,0.7899999999999999,republican
1984,Texas,1.73,0.28,0.7899999999999999,republican
1985,Texas,1.6800000000000002,0.3,0.73,republican
1986,Texas,1.6700000000000002,0.31,0.65,republican
1987,Texas,1.62,0.29000000000000004,0.61,republican
1988,Texas,1.61,0.28,0.59,republican
1989,Texas,1.62,0.27,0.58,republican
1990,Texas,1.6400000000000001,0.26,0.58,republican
1991,Texas,1.6,0.25,0.55,republican
1992,Texas,1.6500000000000001,0.24000000000000002,0.55,republican
1993,Texas,1.6,0.2,0.53,republican
1994,Texas,1.6,0.2,0.51,republican
1995,Texas,1.58,0.19,0.5,republican
1996,Texas,1.57,0.2,0.49,republican
1997,Texas,1.56,0.19,0.47000000000000003,republican
1998,Texas,1.52,0.2,0.5,republican
1999,Texas,1.54,0.2,0.49,republican
2000,Texas,1.53,0.22,0.5,republican
2001,Texas,1.51,0.21000000000000002,0.49,republican
2002,Texas,1.49,0.22,0.5,republican
2003,Texas,1.46,0.23,0.51,republican
2004,Texas,1.45,0.24000000000000002,0.52,republican
2005,Texas,1.43,0.25,0.53,republican
2006,Texas,1.43,0.26,0.55,republican
2007,Texas,1.41,0.27,0.56,republican
2008,Texas,1.43,0.27,0.58,republican
2009,Texas,1.41,0.28,0.58,republican
2010,Texas,1.35,0.29000000000000004,0.59,republican
2011,Texas,1.35,0.31,0.61,republican
2012,Texas,1.33,0.32,0.63,republican
2013,Texas,1.3,0.32,0.63,republican
2014,Texas,1.25,0.32999999999999996,0.65,republican
2015,Texas,1.28,0.32999999999999996,0.6699999999999999,republican
1977,Utah,0.9400000000000001,0.13,0.5700000000000001,republican
1978,Utah,0.93,0.14,0.59,republican
1979,Utah,0.9400000000000001,0.15000000000000002,0.59,republican
1980,Utah,0.96,0.14,0.6,republican
1981,Utah,1.02,0.15000000000000002,0.59,republican
1982,Utah,1.01,0.15000000000000002,0.55,republican
1983,Utah,0.89,0.14,0.51,republican
1984,Utah,0.89,0.14,0.52,republican
1985,Utah,0.89,0.15000000000000002,0.53,republican
1986,Utah,0.88,0.16,0.52,republican
1987,Utah,0.8400000000000001,0.15000000000000002,0.49,republican
1988,Utah,0.8200000000000001,0.14,0.48000000000000004,republican
1989,Utah,0.81,0.13,0.47000000000000003,republican
1990,Utah,0.8,0.12000000000000001,0.46,republican
1991,Utah,0.8,0.12000000000000001,0.43000000000000005,republican
1992,Utah,0.7899999999999999,0.12000000000000001,0.42000000000000004,republican
1993,Utah,0.7799999999999999,0.11,0.39,republican
1994,Utah,0.76,0.09,0.38,republican
1995,Utah,0.71,0.11,0.37,republican
1996,Utah,0.73,0.13,0.37,republican
1997,Utah,0.75,0.13,0.39,republican
1998,Utah,0.77,0.13,0.37,republican
1999,Utah,0.74,0.13,0.38,republican
2000,Utah,0.75,0.14,0.4,republican
2001,Utah,0.77,0.14,0.39,republican
2002,Utah,0.77,0.14,0.39,republican
2003,Utah,0.76,0.14,0.39,republican
2004,Utah,0.76,0.15000000000000002,0.39,republican
2005,Utah,0.7,0.16,0.41000000000000003,republican
2006,Utah,0.73,0.16,0.44,republican
2007,Utah,0.77,0.16,0.44,republican
2008,Utah,0.76,0.17,0.47000000000000003,republican
2009,Utah,0.72,0.17,0.47000000000000003,republican
2010,Utah,0.7,0.18,0.47000000000000003,republican
2011,Utah,0.6799999999999999,0.18,0.49,republican
2012,Utah,0.69,0.19,0.5,republican
2013,Utah,0.6699999999999999,0.19,0.51,republican
2014,Utah,0.6599999999999999,0.19,0.52,republican
2015,Utah,0.65,0.2,0.54,republican
1977,Vermont,1.4,0.44,1.55,republican
1978,Vermont,1.5,0.46,1.56,republican
1979,Vermont,1.53,0.46,1.47,republican
1980,Vermont,1.43,0.48000000000000004,1.3800000000000001,republican
1981,Vermont,1.49,0.5,1.34,republican
1982,Vermont,1.48,0.5,1.24,republican
1983,Vermont,1.53,0.5,1.2,republican
1984,Vermont,1.49,0.49,1.1600000000000001,republican
1985,Vermont,1.51,0.56,1.1,republican
1986,Vermont,1.57,0.6,1.06,republican
1987,Vermont,1.58,0.59,1,republican
1988,Vermont,1.54,0.5700000000000001,0.9500000000000001,republican
1989,Vermont,1.49,0.53,0.89,republican
1990,Vermont,1.47,0.48000000000000004,0.8500000000000001,republican
1991,Vermont,1.41,0.46,0.8200000000000001,republican
1992,Vermont,1.35,0.44,0.7799999999999999,democrat
1993,Vermont,1.34,0.44,0.74,democrat
1994,Vermont,1.34,0.42000000000000004,0.74,democrat
1995,Vermont,1.28,0.41000000000000003,0.6599999999999999,democrat
1996,Vermont,1.35,0.43000000000000005,0.64,democrat
1997,Vermont,1.3,0.45,0.63,democrat
1998,Vermont,1.31,0.46,0.62,democrat
1999,Vermont,1.32,0.48000000000000004,0.62,democrat
2000,Vermont,1.32,0.49,0.63,democrat
2001,Vermont,1.34,0.48000000000000004,0.63,democrat
2002,Vermont,1.34,0.51,0.63,democrat
2003,Vermont,1.34,0.52,0.65,democrat
2004,Vermont,1.34,0.55,0.6599999999999999,democrat
2005,Vermont,1.44,0.5700000000000001,0.6799999999999999,democrat
2006,Vermont,1.45,0.6,0.69,democrat
2007,Vermont,1.46,0.62,0.7,democrat
2008,Vermont,1.45,0.63,0.71,democrat
2009,Vermont,1.43,0.64,0.7,democrat
2010,Vermont,1.44,0.64,0.71,democrat
2011,Vermont,1.46,0.6799999999999999,0.71,democrat
2012,Vermont,1.51,0.7,0.71,democrat
2013,Vermont,1.55,0.74,0.72,democrat
2014,Vermont,1.56,0.7799999999999999,0.72,democrat
2015,Vermont,1.57,0.7799999999999999,0.73,democrat
1977,Virginia,1.1700000000000002,0.21000000000000002,0.89,republican
1978,Virginia,1.2,0.21000000000000002,0.89,republican
1979,Virginia,1.21,0.25,0.9,republican
1980,Virginia,1.23,0.25,0.9,republican
1981,Virginia,1.23,0.27,0.89,republican
1982,Virginia,1.46,0.27,0.8600000000000001,republican
1983,Virginia,1.47,0.27,0.8200000000000001,republican
1984,Virginia,1.46,0.29000000000000004,0.8,republican
1985,Virginia,1.45,0.3,0.7899999999999999,republican
1986,Virginia,1.52,0.27,0.73,republican
1987,Virginia,1.3900000000000001,0.25,0.7,republican
1988,Virginia,1.31,0.25,0.6699999999999999,republican
1989,Virginia,1.23,0.31,0.65,republican
1990,Virginia,1.25,0.3,0.62,republican
1991,Virginia,1.2,0.28,0.58,republican
1992,Virginia,1.25,0.28,0.5700000000000001,republican
1993,Virginia,1.24,0.27,0.54,republican
1994,Virginia,1.2,0.27,0.51,republican
1995,Virginia,1.1500000000000001,0.29000000000000004,0.5,republican
1996,Virginia,1.12,0.3,0.49,republican
1997,Virginia,1.11,0.29000000000000004,0.48000000000000004,republican
1998,Virginia,1.1700000000000002,0.3,0.47000000000000003,republican
1999,Virginia,1.1800000000000002,0.32,0.48000000000000004,republican
2000,Virginia,1.1600000000000001,0.31,0.49,republican
2001,Virginia,1.1500000000000001,0.32,0.5,republican
2002,Virginia,1.1500000000000001,0.33999999999999997,0.51,republican
2003,Virginia,1.1400000000000001,0.36,0.52,republican
2004,Virginia,1.1400000000000001,0.37,0.53,republican
2005,Virginia,1.1300000000000001,0.38,0.54,republican
2006,Virginia,1.1300000000000001,0.39,0.56,republican
2007,Virginia,1.1300000000000001,0.41000000000000003,0.5700000000000001,republican
2008,Virginia,1.12,0.42000000000000004,0.58,democrat
2009,Virginia,1.1,0.42000000000000004,0.58,democrat
2010,Virginia,1.08,0.44,0.6,democrat
2011,Virginia,1.05,0.46,0.61,democrat
2012,Virginia,1.04,0.46,0.62,democrat
2013,Virginia,1.02,0.46,0.62,democrat
2014,Virginia,1.01,0.47000000000000003,0.63,democrat
2015,Virginia,1,0.48000000000000004,0.65,democrat
1977,Washington,1.34,0.45,1.06,republican
1978,Washington,1.36,0.47000000000000003,1.07,republican
1979,Washington,1.3900000000000001,0.47000000000000003,1.08,republican
1980,Washington,1.51,0.51,1.08,republican
1981,Washington,1.3800000000000001,0.54,1.04,republican
1982,Washington,1.32,0.52,0.98,republican
1983,Washington,1.29,0.54,0.9400000000000001,republican
1984,Washington,1.23,0.5700000000000001,0.91,republican
1985,Washington,1.21,0.59,0.8700000000000001,republican
1986,Washington,1.23,0.61,0.8200000000000001,republican
1987,Washington,1.24,0.56,0.7899999999999999,republican
1988,Washington,1.23,0.5,0.77,democrat
1989,Washington,1.25,0.47000000000000003,0.76,democrat
1990,Washington,1.27,0.46,0.76,democrat
1991,Washington,1.23,0.43000000000000005,0.73,democrat
1992,Washington,1.26,0.46,0.72,democrat
1993,Washington,1.1900000000000002,0.39,0.69,democrat
1994,Washington,1.1800000000000002,0.39,0.65,democrat
1995,Washington,1.1700000000000002,0.4,0.63,democrat
1996,Washington,1.09,0.4,0.63,democrat
1997,Washington,1.09,0.42000000000000004,0.63,democrat
1998,Washington,1.12,0.39,0.63,democrat
1999,Washington,1.11,0.4,0.63,democrat
2000,Washington,1.11,0.41000000000000003,0.6599999999999999,democrat
2001,Washington,1.09,0.4,0.65,democrat
2002,Washington,1.09,0.43000000000000005,0.6599999999999999,democrat
2003,Washington,1.07,0.47000000000000003,0.6799999999999999,democrat
2004,Washington,1.11,0.53,0.6599999999999999,democrat
2005,Washington,1.11,0.55,0.6799999999999999,democrat
2006,Washington,1.08,0.48000000000000004,0.72,democrat
2007,Washington,1.1400000000000001,0.5,0.74,democrat
2008,Washington,1.11,0.5,0.75,democrat
2009,Washington,1.1,0.51,0.74,democrat
2010,Washington,1.01,0.52,0.73,democrat
2011,Washington,0.97,0.54,0.75,democrat
2012,Washington,0.96,0.53,0.76,democrat
2013,Washington,0.9500000000000001,0.53,0.76,democrat
2014,Washington,0.97,0.53,0.76,democrat
2015,Washington,0.97,0.53,0.77,democrat
1977,West Virginia,0.9500000000000001,0.09,0.76,democrat
1978,West Virginia,0.93,0.09,0.76,democrat
1979,West Virginia,0.9400000000000001,0.09,0.75,democrat
1980,West Virginia,1,0.09,0.72,democrat
1981,West Virginia,1.05,0.14,0.65,democrat
1982,West Virginia,1.11,0.14,0.55,democrat
1983,West Virginia,1.1400000000000001,0.13,0.49,democrat
1984,West Virginia,1.1300000000000001,0.12000000000000001,0.45,republican
1985,West Virginia,1.1300000000000001,0.13,0.42000000000000004,republican
1986,West Virginia,1.12,0.13,0.42000000000000004,republican
1987,West Virginia,1.1300000000000001,0.13,0.41000000000000003,republican
1988,West Virginia,1.1500000000000001,0.12000000000000001,0.41000000000000003,democrat
1989,West Virginia,1.1500000000000001,0.11,0.39,democrat
1990,West Virginia,1.2,0.1,0.42000000000000004,democrat
1991,West Virginia,1.1800000000000002,0.09,0.43000000000000005,democrat
1992,West Virginia,1.1600000000000001,0.09,0.41000000000000003,democrat
1993,West Virginia,1.1800000000000002,0.08,0.4,democrat
1994,West Virginia,1.1700000000000002,0.08,0.39,democrat
1995,West Virginia,1.12,0.08,0.38,democrat
1996,West Virginia,1.12,0.09,0.37,democrat
1997,West Virginia,1.12,0.09,0.37,democrat
1998,West Virginia,1.1800000000000002,0.09,0.36,democrat
1999,West Virginia,1.22,0.1,0.37,democrat
2000,West Virginia,1.24,0.1,0.36,republican
2001,West Virginia,1.25,0.1,0.37,republican
2002,West Virginia,1.26,0.1,0.38,republican
2003,West Virginia,1.23,0.1,0.38,republican
2004,West Virginia,1.25,0.1,0.39,republican
2005,West Virginia,1.23,0.1,0.4,republican
2006,West Virginia,1.21,0.1,0.41000000000000003,republican
2007,West Virginia,1.23,0.1,0.42000000000000004,republican
2008,West Virginia,1.25,0.1,0.43000000000000005,republican
2009,West Virginia,1.23,0.1,0.44,republican
2010,West Virginia,1.23,0.1,0.44,republican
2011,West Virginia,1.22,0.1,0.46,republican
2012,West Virginia,1.24,0.1,0.47000000000000003,republican
2013,West Virginia,1.24,0.1,0.46,republican
2014,West Virginia,1.21,0.1,0.47000000000000003,republican
2015,West Virginia,1.21,0.11,0.47000000000000003,republican
1977,Wisconsin,1.81,0.27,1.28,democrat
1978,Wisconsin,1.83,0.28,1.2,democrat
1979,Wisconsin,1.92,0.28,1.1900000000000002,democrat
1980,Wisconsin,1.95,0.31,1.1900000000000002,republican
1981,Wisconsin,1.96,0.32,1.21,republican
1982,Wisconsin,1.95,0.3,1.05,republican
1983,Wisconsin,1.94,0.33999999999999997,1.07,republican
1984,Wisconsin,1.87,0.31,1.03,republican
1985,Wisconsin,1.83,0.32,1.06,republican
1986,Wisconsin,1.8800000000000001,0.33999999999999997,0.96,republican
1987,Wisconsin,1.8,0.36,0.98,republican
1988,Wisconsin,1.76,0.32999999999999996,0.9500000000000001,democrat
1989,Wisconsin,1.72,0.31,0.96,democrat
1990,Wisconsin,1.74,0.31,1.03,democrat
1991,Wisconsin,1.6500000000000001,0.27,0.8400000000000001,democrat
1992,Wisconsin,1.59,0.25,0.9,democrat
1993,Wisconsin,1.59,0.22,0.89,democrat
1994,Wisconsin,1.58,0.22,0.91,democrat
1995,Wisconsin,1.6400000000000001,0.23,0.8700000000000001,democrat
1996,Wisconsin,1.53,0.24000000000000002,0.88,democrat
1997,Wisconsin,1.57,0.25,0.89,democrat
1998,Wisconsin,1.58,0.26,0.9,democrat
1999,Wisconsin,1.53,0.26,0.92,democrat
2000,Wisconsin,1.53,0.27,0.9500000000000001,democrat
2001,Wisconsin,1.54,0.26,0.9500000000000001,democrat
2002,Wisconsin,1.56,0.28,0.98,democrat
2003,Wisconsin,1.53,0.29000000000000004,1,democrat
2004,Wisconsin,1.53,0.3,1.02,democrat
2005,Wisconsin,1.58,0.31,1.07,democrat
2006,Wisconsin,1.58,0.32,1.09,democrat
2007,Wisconsin,1.56,0.32999999999999996,1.11,democrat
2008,Wisconsin,1.55,0.33999999999999997,1.1300000000000001,democrat
2009,Wisconsin,1.49,0.31,1.1600000000000001,democrat
2010,Wisconsin,1.49,0.32,1.1300000000000001,democrat
2011,Wisconsin,1.46,0.37,1.1600000000000001,democrat
2012,Wisconsin,1.46,0.37,1.1900000000000002,democrat
2013,Wisconsin,1.45,0.38,1.1700000000000002,democrat
2014,Wisconsin,1.42,0.38,1.1800000000000002,democrat
2015,Wisconsin,1.3900000000000001,0.39,1.2,democrat
1977,Wyoming,1.78,0.2,1.31,republican
1978,Wyoming,1.81,0.22,1.35,republican
1979,Wyoming,1.86,0.22,1.3,republican
1980,Wyoming,1.85,0.24000000000000002,1.32,republican
1981,Wyoming,1.91,0.24000000000000002,1.27,republican
1982,Wyoming,1.78,0.24000000000000002,1.2,republican
1983,Wyoming,1.6800000000000002,0.22,1.11,republican
1984,Wyoming,1.61,0.23,1.06,republican
1985,Wyoming,1.59,0.25,1.05,republican
1986,Wyoming,1.51,0.27,0.96,republican
1987,Wyoming,1.51,0.25,0.9,republican
1988,Wyoming,1.45,0.24000000000000002,0.8700000000000001,republican
1989,Wyoming,1.41,0.23,0.8600000000000001,republican
1990,Wyoming,1.48,0.22,0.93,republican
1991,Wyoming,1.45,0.2,0.9,republican
1992,Wyoming,1.44,0.2,0.91,republican
1993,Wyoming,1.4,0.19,0.8600000000000001,republican
1994,Wyoming,1.42,0.18,0.8300000000000001,republican
1995,Wyoming,1.34,0.16,0.8,republican
1996,Wyoming,1.35,0.17,0.81,republican
1997,Wyoming,1.42,0.17,0.81,republican
1998,Wyoming,1.37,0.17,0.81,republican
1999,Wyoming,1.41,0.22,0.8400000000000001,republican
2000,Wyoming,1.42,0.22,0.8600000000000001,republican
2001,Wyoming,1.44,0.22,0.88,republican
2002,Wyoming,1.46,0.23,0.88,republican
2003,Wyoming,1.7,0.23,0.9,republican
2004,Wyoming,1.42,0.24000000000000002,0.92,republican
2005,Wyoming,1.2,0.25,0.96,republican
2006,Wyoming,1.44,0.26,1.03,republican
2007,Wyoming,1.46,0.27,1.07,republican
2008,Wyoming,1.5,0.27,1.09,republican
2009,Wyoming,1.4,0.27,1.06,republican
2010,Wyoming,1.33,0.27,1.06,republican
2011,Wyoming,1.29,0.27,1.1,republican
2012,Wyoming,1.32,0.28,1.1300000000000001,republican
2013,Wyoming,1.25,0.29000000000000004,1.1300000000000001,republican
2014,Wyoming,1.26,0.31,1.1600000000000001,republican
2015,Wyoming,1.25,0.31,1.1800000000000002,republican
